Date,Time,00-06-TH-01~H,00-06-TH-01~H.DateTime,00-06-TH-01~H.Flag,00-06-TH-01~T,00-06-TH-01~T.DateTime,00-06-TH-01~T.Flag,00-13-TH-01~H,00-13-TH-01~H.DateTime,00-13-TH-01~H.Flag,00-13-TH-01~T,00-13-TH-01~T.DateTime,00-13-TH-01~T.Flag,00-14-TH-01~H,00-14-TH-01~H.DateTime,00-14-TH-01~H.Flag,00-14-TH-01~T,00-14-TH-01~T.DateTime,00-14-TH-01~T.Flag
2015-09-06,00:00:00,46,2015-09-05 23:44:26,U,21.1,2015-09-05 23:44:26,U,42.8,2015-09-05 23:54:31,U,22.7,2015-09-05 23:54:31,U,42.8,2015-09-05 23:40:10,U,22.1,2015-09-05 23:40:10,U
2015-09-06,00:10:00,46,2015-09-06 00:05:29,U,21,2015-09-06 00:05:29,U,42.8,2015-09-05 23:54:31,P,22.7,2015-09-05 23:54:31,P,42.8,2015-09-06 00:01:16,U,22.2,2015-09-06 00:01:16,U
2015-09-06,00:20:00,46,2015-09-06 00:05:29,P,21,2015-09-06 00:05:29,P,42.8,2015-09-06 00:10:22,U,22.7,2015-09-06 00:10:22,U,42.8,2015-09-06 00:01:16,P,22.2,2015-09-06 00:01:16,P
2015-09-06,00:30:00,46,2015-09-06 00:05:29,P,21,2015-09-06 00:05:29,P,42.8,2015-09-06 00:24:27,U,22.7,2015-09-06 00:24:27,U,43.2,2015-09-06 00:24:07,U,22.1,2015-09-06 00:24:07,U
2015-09-06,00:40:00,46.4,2015-09-06 00:30:02,U,20.8,2015-09-06 00:30:02,U,42.8,2015-09-06 00:24:27,P,22.7,2015-09-06 00:24:27,P,43.2,2015-09-06 00:24:07,P,22.1,2015-09-06 00:24:07,P
2015-09-06,00:50:00,46.4,2015-09-06 00:47:34,U,20.8,2015-09-06 00:47:34,U,42.8,2015-09-06 00:40:18,U,22.6,2015-09-06 00:40:18,U,43.2,2015-09-06 00:45:13,U,22.1,2015-09-06 00:45:13,U
2015-09-06,01:00:00,46.4,2015-09-06 00:47:34,P,20.8,2015-09-06 00:47:34,P,42.8,2015-09-06 00:40:18,P,22.6,2015-09-06 00:40:18,P,43.2,2015-09-06 00:45:13,P,22.1,2015-09-06 00:45:13,P
2015-09-06,01:10:00,46.4,2015-09-06 01:05:07,U,21,2015-09-06 01:05:07,U,42.8,2015-09-06 01:01:26,U,22.6,2015-09-06 01:01:26,U,43.2,2015-09-06 01:02:48,U,22.1,2015-09-06 01:02:48,U
2015-09-06,01:20:00,46.4,2015-09-06 01:05:07,P,21,2015-09-06 01:05:07,P,42.8,2015-09-06 01:19:03,U,22.6,2015-09-06 01:19:03,U,43.2,2015-09-06 01:02:48,P,22.1,2015-09-06 01:02:48,P
2015-09-06,01:30:00,46.4,2015-09-06 01:27:55,U,20.8,2015-09-06 01:27:55,U,42.8,2015-09-06 01:19:03,P,22.6,2015-09-06 01:19:03,P,43.2,2015-09-06 01:22:08,U,22.1,2015-09-06 01:22:08,U
2015-09-06,01:40:00,46.4,2015-09-06 01:27:55,P,20.8,2015-09-06 01:27:55,P,42.8,2015-09-06 01:19:03,P,22.6,2015-09-06 01:19:03,P,43.2,2015-09-06 01:37:57,U,22.1,2015-09-06 01:37:57,U
2015-09-06,01:50:00,46.8,2015-09-06 01:43:42,U,20.8,2015-09-06 01:43:42,U,42.8,2015-09-06 01:40:10,U,22.6,2015-09-06 01:40:10,U,43.2,2015-09-06 01:37:57,P,22.1,2015-09-06 01:37:57,P
2015-09-06,02:00:00,46.8,2015-09-06 01:59:29,U,20.8,2015-09-06 01:59:29,U,42.8,2015-09-06 01:40:10,P,22.6,2015-09-06 01:40:10,P,43.6,2015-09-06 01:50:16,U,21.9,2015-09-06 01:50:16,U
2015-09-06,02:10:00,46.8,2015-09-06 01:59:29,P,20.8,2015-09-06 01:59:29,P,42.8,2015-09-06 02:01:18,U,22.7,2015-09-06 02:01:18,U,43.6,2015-09-06 01:50:16,P,21.9,2015-09-06 01:50:16,P
2015-09-06,02:20:00,46.8,2015-09-06 02:11:46,U,20.6,2015-09-06 02:11:46,U,42.8,2015-09-06 02:01:18,P,22.7,2015-09-06 02:01:18,P,43.6,2015-09-06 02:11:22,U,21.9,2015-09-06 02:11:22,U
2015-09-06,02:30:00,46.8,2015-09-06 02:11:46,P,20.6,2015-09-06 02:11:46,P,43.2,2015-09-06 02:25:57,U,22.6,2015-09-06 02:25:57,U,43.6,2015-09-06 02:11:22,P,21.9,2015-09-06 02:11:22,P
2015-09-06,02:40:00,46.8,2015-09-06 02:32:48,U,20.6,2015-09-06 02:32:48,U,43.2,2015-09-06 02:25:57,P,22.6,2015-09-06 02:25:57,P,43.6,2015-09-06 02:30:42,U,21.9,2015-09-06 02:30:42,U
2015-09-06,02:50:00,46.8,2015-09-06 02:32:48,P,20.6,2015-09-06 02:32:48,P,43.2,2015-09-06 02:41:48,U,22.4,2015-09-06 02:41:48,U,43.6,2015-09-06 02:48:17,U,21.9,2015-09-06 02:48:17,U
2015-09-06,03:00:00,46.8,2015-09-06 02:52:06,U,20.6,2015-09-06 02:52:06,U,43.2,2015-09-06 02:41:48,P,22.4,2015-09-06 02:41:48,P,43.6,2015-09-06 02:48:17,P,21.9,2015-09-06 02:48:17,P
2015-09-06,03:10:00,46.8,2015-09-06 03:06:07,U,20.5,2015-09-06 03:06:07,U,43.2,2015-09-06 03:06:27,U,22.4,2015-09-06 03:06:27,U,43.6,2015-09-06 03:05:52,U,21.9,2015-09-06 03:05:52,U
2015-09-06,03:20:00,46.8,2015-09-06 03:06:07,P,20.5,2015-09-06 03:06:07,P,43.2,2015-09-06 03:06:27,P,22.4,2015-09-06 03:06:27,P,44,2015-09-06 03:19:55,U,21.9,2015-09-06 03:19:55,U
2015-09-06,03:30:00,46.8,2015-09-06 03:06:07,P,20.5,2015-09-06 03:06:07,P,43.2,2015-09-06 03:29:21,U,22.4,2015-09-06 03:29:21,U,44,2015-09-06 03:19:55,P,21.9,2015-09-06 03:19:55,P
2015-09-06,03:40:00,47.2,2015-09-06 03:30:41,U,20.5,2015-09-06 03:30:41,U,43.2,2015-09-06 03:29:21,P,22.4,2015-09-06 03:29:21,P,44,2015-09-06 03:35:45,U,21.9,2015-09-06 03:35:45,U
2015-09-06,03:50:00,47.2,2015-09-06 03:30:41,P,20.5,2015-09-06 03:30:41,P,43.2,2015-09-06 03:29:21,P,22.4,2015-09-06 03:29:21,P,44,2015-09-06 03:48:03,U,21.8,2015-09-06 03:48:03,U
2015-09-06,04:00:00,47.2,2015-09-06 03:55:14,U,20.3,2015-09-06 03:55:14,U,43.2,2015-09-06 03:50:28,U,22.4,2015-09-06 03:50:28,U,44,2015-09-06 03:48:03,P,21.8,2015-09-06 03:48:03,P
2015-09-06,04:10:00,47.2,2015-09-06 04:07:30,U,20.5,2015-09-06 04:07:30,U,43.2,2015-09-06 04:09:50,U,22.4,2015-09-06 04:09:50,U,44,2015-09-06 03:48:03,P,21.8,2015-09-06 03:48:03,P
2015-09-06,04:20:00,47.2,2015-09-06 04:07:30,P,20.5,2015-09-06 04:07:30,P,43.2,2015-09-06 04:09:50,P,22.4,2015-09-06 04:09:50,P,44,2015-09-06 04:12:40,U,21.8,2015-09-06 04:12:40,U
2015-09-06,04:30:00,47.6,2015-09-06 04:23:17,U,20.3,2015-09-06 04:23:17,U,43.6,2015-09-06 04:25:41,U,22.2,2015-09-06 04:25:41,U,44,2015-09-06 04:12:40,P,21.8,2015-09-06 04:12:40,P
2015-09-06,04:40:00,47.6,2015-09-06 04:23:17,P,20.3,2015-09-06 04:23:17,P,43.6,2015-09-06 04:25:41,P,22.2,2015-09-06 04:25:41,P,44.4,2015-09-06 04:35:31,U,21.8,2015-09-06 04:35:31,U
2015-09-06,04:50:00,47.6,2015-09-06 04:47:50,U,20.3,2015-09-06 04:47:50,U,43.6,2015-09-06 04:25:41,P,22.2,2015-09-06 04:25:41,P,44.4,2015-09-06 04:35:31,P,21.8,2015-09-06 04:35:31,P
2015-09-06,05:00:00,47.6,2015-09-06 04:47:50,P,20.3,2015-09-06 04:47:50,P,43.2,2015-09-06 04:50:20,U,22.2,2015-09-06 04:50:20,U,44.4,2015-09-06 04:54:51,U,21.6,2015-09-06 04:54:51,U
2015-09-06,05:10:00,47.6,2015-09-06 04:47:50,P,20.3,2015-09-06 04:47:50,P,43.2,2015-09-06 05:09:42,U,22.2,2015-09-06 05:09:42,U,44.4,2015-09-06 05:07:10,U,21.6,2015-09-06 05:07:10,U
2015-09-06,05:20:00,47.6,2015-09-06 04:47:50,P,20.3,2015-09-06 04:47:50,P,43.2,2015-09-06 05:09:42,P,22.2,2015-09-06 05:09:42,P,44.4,2015-09-06 05:19:28,U,21.6,2015-09-06 05:19:28,U
2015-09-06,05:30:00,48,2015-09-06 05:28:10,U,20.2,2015-09-06 05:28:10,U,43.2,2015-09-06 05:09:42,P,22.2,2015-09-06 05:09:42,P,44.4,2015-09-06 05:19:28,P,21.6,2015-09-06 05:19:28,P
2015-09-06,05:40:00,48,2015-09-06 05:28:10,P,20.2,2015-09-06 05:28:10,P,43.6,2015-09-06 05:30:50,U,22.2,2015-09-06 05:30:50,U,44.4,2015-09-06 05:31:46,U,21.6,2015-09-06 05:31:46,U
2015-09-06,05:50:00,48,2015-09-06 05:42:12,U,20.3,2015-09-06 05:42:12,U,43.6,2015-09-06 05:48:26,U,22.1,2015-09-06 05:48:26,U,44.4,2015-09-06 05:31:46,P,21.6,2015-09-06 05:31:46,P
2015-09-06,06:00:00,48,2015-09-06 05:42:12,P,20.3,2015-09-06 05:42:12,P,43.6,2015-09-06 05:48:26,P,22.1,2015-09-06 05:48:26,P,44.4,2015-09-06 05:54:37,U,21.6,2015-09-06 05:54:37,U
2015-09-06,06:10:00,48,2015-09-06 06:01:30,U,20.2,2015-09-06 06:01:30,U,43.6,2015-09-06 06:02:31,U,22.2,2015-09-06 06:02:31,U,44.4,2015-09-06 05:54:37,P,21.6,2015-09-06 05:54:37,P
2015-09-06,06:20:00,48,2015-09-06 06:01:30,P,20.2,2015-09-06 06:01:30,P,43.6,2015-09-06 06:02:31,P,22.2,2015-09-06 06:02:31,P,44.4,2015-09-06 06:15:43,U,21.6,2015-09-06 06:15:43,U
2015-09-06,06:30:00,48,2015-09-06 06:01:30,P,20.2,2015-09-06 06:01:30,P,43.6,2015-09-06 06:20:08,U,22.1,2015-09-06 06:20:08,U,44.4,2015-09-06 06:15:43,P,21.6,2015-09-06 06:15:43,P
2015-09-06,06:40:00,48,2015-09-06 06:01:30,P,20.2,2015-09-06 06:01:30,P,43.6,2015-09-06 06:20:08,P,22.1,2015-09-06 06:20:08,P,44.4,2015-09-06 06:35:03,U,21.6,2015-09-06 06:35:03,U
2015-09-06,06:50:00,48.4,2015-09-06 06:43:35,U,20.2,2015-09-06 06:43:35,U,43.6,2015-09-06 06:44:47,U,22.1,2015-09-06 06:44:47,U,44.4,2015-09-06 06:35:03,P,21.6,2015-09-06 06:35:03,P
2015-09-06,07:00:00,48.4,2015-09-06 06:43:35,P,20.2,2015-09-06 06:43:35,P,43.6,2015-09-06 06:44:47,P,22.1,2015-09-06 06:44:47,P,44.4,2015-09-06 06:56:09,U,21.4,2015-09-06 06:56:09,U
2015-09-06,07:10:00,48.4,2015-09-06 07:04:37,U,20,2015-09-06 07:04:37,U,43.6,2015-09-06 07:09:25,U,22.1,2015-09-06 07:09:25,U,44.4,2015-09-06 07:08:27,U,21.4,2015-09-06 07:08:27,U
2015-09-06,07:20:00,48.4,2015-09-06 07:04:37,P,20,2015-09-06 07:04:37,P,43.6,2015-09-06 07:09:25,P,22.1,2015-09-06 07:09:25,P,44.4,2015-09-06 07:08:27,P,21.4,2015-09-06 07:08:27,P
2015-09-06,07:30:00,48.4,2015-09-06 07:27:25,U,20,2015-09-06 07:27:25,U,43.6,2015-09-06 07:21:45,U,22.1,2015-09-06 07:21:45,U,44.8,2015-09-06 07:24:16,U,21.4,2015-09-06 07:24:16,U
2015-09-06,07:40:00,48.4,2015-09-06 07:27:25,P,20,2015-09-06 07:27:25,P,43.6,2015-09-06 07:21:45,P,22.1,2015-09-06 07:21:45,P,44.8,2015-09-06 07:24:16,P,21.4,2015-09-06 07:24:16,P
2015-09-06,07:50:00,48.4,2015-09-06 07:43:12,U,20,2015-09-06 07:43:12,U,43.6,2015-09-06 07:44:38,U,21.9,2015-09-06 07:44:38,U,44.8,2015-09-06 07:48:53,U,21.4,2015-09-06 07:48:53,U
2015-09-06,08:00:00,48.4,2015-09-06 07:43:12,P,20,2015-09-06 07:43:12,P,43.6,2015-09-06 07:44:38,P,21.9,2015-09-06 07:44:38,P,44.8,2015-09-06 07:48:53,P,21.4,2015-09-06 07:48:53,P
2015-09-06,08:10:00,48.4,2015-09-06 08:05:59,U,20,2015-09-06 08:05:59,U,43.6,2015-09-06 08:02:15,U,21.9,2015-09-06 08:02:15,U,44.8,2015-09-06 08:09:58,U,21.4,2015-09-06 08:09:58,U
2015-09-06,08:20:00,48.4,2015-09-06 08:05:59,P,20,2015-09-06 08:05:59,P,43.6,2015-09-06 08:19:51,U,21.9,2015-09-06 08:19:51,U,44.8,2015-09-06 08:09:58,P,21.4,2015-09-06 08:09:58,P
2015-09-06,08:30:00,48.4,2015-09-06 08:20:01,U,20,2015-09-06 08:20:01,U,43.6,2015-09-06 08:19:51,P,21.9,2015-09-06 08:19:51,P,44.8,2015-09-06 08:09:58,P,21.4,2015-09-06 08:09:58,P
2015-09-06,08:40:00,48.4,2015-09-06 08:20:01,P,20,2015-09-06 08:20:01,P,43.6,2015-09-06 08:37:27,U,21.9,2015-09-06 08:37:27,U,44.8,2015-09-06 08:31:03,U,21.3,2015-09-06 08:31:03,U
2015-09-06,08:50:00,48.4,2015-09-06 08:42:49,U,20,2015-09-06 08:42:49,U,43.6,2015-09-06 08:37:27,P,21.9,2015-09-06 08:37:27,P,44.8,2015-09-06 08:48:38,U,21.4,2015-09-06 08:48:38,U
2015-09-06,09:00:00,48.4,2015-09-06 08:58:36,U,20.2,2015-09-06 08:58:36,U,43.6,2015-09-06 08:37:27,P,21.9,2015-09-06 08:37:27,P,44.8,2015-09-06 08:48:38,P,21.4,2015-09-06 08:48:38,P
2015-09-06,09:10:00,48.4,2015-09-06 08:58:36,P,20.2,2015-09-06 08:58:36,P,43.6,2015-09-06 09:00:20,U,21.9,2015-09-06 09:00:20,U,45.2,2015-09-06 09:09:43,U,21.4,2015-09-06 09:09:43,U
2015-09-06,09:20:00,48.4,2015-09-06 09:19:38,U,20,2015-09-06 09:19:38,U,43.6,2015-09-06 09:17:57,U,21.9,2015-09-06 09:17:57,U,45.2,2015-09-06 09:09:43,P,21.4,2015-09-06 09:09:43,P
2015-09-06,09:30:00,48.4,2015-09-06 09:19:38,P,20,2015-09-06 09:19:38,P,43.6,2015-09-06 09:17:57,P,21.9,2015-09-06 09:17:57,P,45.2,2015-09-06 09:09:43,P,21.4,2015-09-06 09:09:43,P
2015-09-06,09:40:00,48.4,2015-09-06 09:38:56,U,20.2,2015-09-06 09:38:56,U,43.6,2015-09-06 09:32:02,U,21.9,2015-09-06 09:32:02,U,45.2,2015-09-06 09:30:49,U,21.4,2015-09-06 09:30:49,U
2015-09-06,09:50:00,48.4,2015-09-06 09:38:56,P,20.2,2015-09-06 09:38:56,P,44,2015-09-06 09:47:52,U,21.9,2015-09-06 09:47:52,U,45.2,2015-09-06 09:30:49,P,21.4,2015-09-06 09:30:49,P
2015-09-06,10:00:00,48.4,2015-09-06 09:52:57,U,20.2,2015-09-06 09:52:57,U,44,2015-09-06 09:47:52,P,21.9,2015-09-06 09:47:52,P,45.2,2015-09-06 09:55:25,U,21.4,2015-09-06 09:55:25,U
2015-09-06,10:10:00,48,2015-09-06 10:08:44,U,20.3,2015-09-06 10:08:44,U,44,2015-09-06 09:47:52,P,21.9,2015-09-06 09:47:52,P,45.2,2015-09-06 09:55:25,P,21.4,2015-09-06 09:55:25,P
2015-09-06,10:20:00,48,2015-09-06 10:08:44,P,20.3,2015-09-06 10:08:44,P,44,2015-09-06 10:12:31,U,22.1,2015-09-06 10:12:31,U,45.2,2015-09-06 10:11:15,U,21.4,2015-09-06 10:11:15,U
2015-09-06,10:30:00,48,2015-09-06 10:26:17,U,20.3,2015-09-06 10:26:17,U,44,2015-09-06 10:12:31,P,22.1,2015-09-06 10:12:31,P,45.2,2015-09-06 10:25:18,U,21.6,2015-09-06 10:25:18,U
2015-09-06,10:40:00,48,2015-09-06 10:26:17,P,20.3,2015-09-06 10:26:17,P,44,2015-09-06 10:35:24,U,22.1,2015-09-06 10:35:24,U,45.2,2015-09-06 10:25:18,P,21.6,2015-09-06 10:25:18,P
2015-09-06,10:50:00,48,2015-09-06 10:40:19,U,20.5,2015-09-06 10:40:19,U,44,2015-09-06 10:35:24,P,22.1,2015-09-06 10:35:24,P,45.2,2015-09-06 10:48:09,U,21.6,2015-09-06 10:48:09,U
2015-09-06,11:00:00,47.6,2015-09-06 10:57:51,U,20.5,2015-09-06 10:57:51,U,43.6,2015-09-06 10:58:18,U,22.1,2015-09-06 10:58:18,U,45.2,2015-09-06 10:48:09,P,21.6,2015-09-06 10:48:09,P
2015-09-06,11:10:00,47.6,2015-09-06 10:57:51,P,20.5,2015-09-06 10:57:51,P,43.6,2015-09-06 10:58:18,P,22.1,2015-09-06 10:58:18,P,45.2,2015-09-06 10:48:09,P,21.6,2015-09-06 10:48:09,P
2015-09-06,11:20:00,47.6,2015-09-06 10:57:51,P,20.5,2015-09-06 10:57:51,P,43.6,2015-09-06 11:17:40,U,22.1,2015-09-06 11:17:40,U,45.2,2015-09-06 11:11:00,U,21.6,2015-09-06 11:11:00,U
2015-09-06,11:30:00,47.6,2015-09-06 11:20:39,U,20.6,2015-09-06 11:20:39,U,43.6,2015-09-06 11:17:40,P,22.1,2015-09-06 11:17:40,P,44.8,2015-09-06 11:25:04,U,21.8,2015-09-06 11:25:04,U
2015-09-06,11:40:00,47.6,2015-09-06 11:20:39,P,20.6,2015-09-06 11:20:39,P,43.6,2015-09-06 11:31:45,U,22.4,2015-09-06 11:31:45,U,44.8,2015-09-06 11:25:04,P,21.8,2015-09-06 11:25:04,P
2015-09-06,11:50:00,46.8,2015-09-06 11:43:27,U,20.8,2015-09-06 11:43:27,U,43.6,2015-09-06 11:45:50,U,22.2,2015-09-06 11:45:50,U,44.8,2015-09-06 11:47:55,U,21.9,2015-09-06 11:47:55,U
2015-09-06,12:00:00,46.8,2015-09-06 11:43:27,P,20.8,2015-09-06 11:43:27,P,43.6,2015-09-06 11:45:50,P,22.2,2015-09-06 11:45:50,P,44.8,2015-09-06 11:47:55,P,21.9,2015-09-06 11:47:55,P
2015-09-06,12:10:00,46.8,2015-09-06 12:02:45,U,21.1,2015-09-06 12:02:45,U,43.6,2015-09-06 12:06:58,U,22.4,2015-09-06 12:06:58,U,44.8,2015-09-06 12:03:45,U,21.9,2015-09-06 12:03:45,U
2015-09-06,12:20:00,46.8,2015-09-06 12:02:45,P,21.1,2015-09-06 12:02:45,P,43.6,2015-09-06 12:06:58,P,22.4,2015-09-06 12:06:58,P,44.8,2015-09-06 12:03:45,P,21.9,2015-09-06 12:03:45,P
2015-09-06,12:30:00,46.4,2015-09-06 12:25:33,U,21.4,2015-09-06 12:25:33,U,43.2,2015-09-06 12:28:05,U,22.6,2015-09-06 12:28:05,U,44.8,2015-09-06 12:21:20,U,21.9,2015-09-06 12:21:20,U
2015-09-06,12:40:00,46,2015-09-06 12:39:35,U,21.4,2015-09-06 12:39:35,U,43.2,2015-09-06 12:28:05,P,22.6,2015-09-06 12:28:05,P,44.4,2015-09-06 12:38:55,U,22.1,2015-09-06 12:38:55,U
2015-09-06,12:50:00,46,2015-09-06 12:39:35,P,21.4,2015-09-06 12:39:35,P,43.2,2015-09-06 12:40:25,U,22.6,2015-09-06 12:40:25,U,44.4,2015-09-06 12:38:55,P,22.1,2015-09-06 12:38:55,P
2015-09-06,13:00:00,46,2015-09-06 12:57:08,U,21.6,2015-09-06 12:57:08,U,43.2,2015-09-06 12:40:25,P,22.6,2015-09-06 12:40:25,P,44.4,2015-09-06 12:52:58,U,22.1,2015-09-06 12:52:58,U
2015-09-06,13:10:00,46,2015-09-06 12:57:08,P,21.6,2015-09-06 12:57:08,P,42.8,2015-09-06 13:03:19,U,22.7,2015-09-06 13:03:19,U,44.4,2015-09-06 12:52:58,P,22.1,2015-09-06 12:52:58,P
2015-09-06,13:20:00,45.6,2015-09-06 13:11:10,U,21.6,2015-09-06 13:11:10,U,42.8,2015-09-06 13:19:09,U,22.9,2015-09-06 13:19:09,U,44.4,2015-09-06 13:10:33,U,22.2,2015-09-06 13:10:33,U
2015-09-06,13:30:00,45.6,2015-09-06 13:11:10,P,21.6,2015-09-06 13:11:10,P,42.8,2015-09-06 13:19:09,P,22.9,2015-09-06 13:19:09,P,44.4,2015-09-06 13:10:33,P,22.2,2015-09-06 13:10:33,P
2015-09-06,13:40:00,45.6,2015-09-06 13:33:59,U,21.6,2015-09-06 13:33:59,U,42.8,2015-09-06 13:19:09,P,22.9,2015-09-06 13:19:09,P,44,2015-09-06 13:33:25,U,22.2,2015-09-06 13:33:25,U
2015-09-06,13:50:00,45.6,2015-09-06 13:33:59,P,21.6,2015-09-06 13:33:59,P,42.8,2015-09-06 13:40:17,U,23,2015-09-06 13:40:17,U,44,2015-09-06 13:49:14,U,22.2,2015-09-06 13:49:14,U
2015-09-06,14:00:00,45.6,2015-09-06 13:56:47,U,21.6,2015-09-06 13:56:47,U,42.4,2015-09-06 13:59:40,U,23,2015-09-06 13:59:40,U,44,2015-09-06 13:49:14,P,22.2,2015-09-06 13:49:14,P
2015-09-06,14:10:00,45.6,2015-09-06 13:56:47,P,21.6,2015-09-06 13:56:47,P,42.4,2015-09-06 13:59:40,P,23,2015-09-06 13:59:40,P,44,2015-09-06 14:03:18,U,22.4,2015-09-06 14:03:18,U
2015-09-06,14:20:00,45.2,2015-09-06 14:17:51,U,21.8,2015-09-06 14:17:51,U,42.4,2015-09-06 14:13:45,U,23,2015-09-06 14:13:45,U,44,2015-09-06 14:03:18,P,22.4,2015-09-06 14:03:18,P
2015-09-06,14:30:00,45.2,2015-09-06 14:17:51,P,21.8,2015-09-06 14:17:51,P,42,2015-09-06 14:27:50,U,23.4,2015-09-06 14:27:50,U,43.6,2015-09-06 14:22:39,U,22.4,2015-09-06 14:22:39,U
2015-09-06,14:40:00,45.2,2015-09-06 14:31:53,U,21.8,2015-09-06 14:31:53,U,42,2015-09-06 14:27:50,P,23.4,2015-09-06 14:27:50,P,43.2,2015-09-06 14:38:28,U,22.6,2015-09-06 14:38:28,U
2015-09-06,14:50:00,45.2,2015-09-06 14:45:55,U,21.8,2015-09-06 14:45:55,U,42,2015-09-06 14:41:56,U,23.5,2015-09-06 14:41:56,U,43.2,2015-09-06 14:38:28,P,22.6,2015-09-06 14:38:28,P
2015-09-06,15:00:00,45.2,2015-09-06 14:45:55,P,21.8,2015-09-06 14:45:55,P,41.6,2015-09-06 14:56:01,U,23.7,2015-09-06 14:56:01,U,43.2,2015-09-06 14:57:49,U,22.7,2015-09-06 14:57:49,U
2015-09-06,15:10:00,45.2,2015-09-06 15:03:28,U,21.8,2015-09-06 15:03:28,U,41.6,2015-09-06 14:56:01,P,23.7,2015-09-06 14:56:01,P,43.2,2015-09-06 14:57:49,P,22.7,2015-09-06 14:57:49,P
2015-09-06,15:20:00,45.2,2015-09-06 15:03:28,P,21.8,2015-09-06 15:03:28,P,41.2,2015-09-06 15:10:07,U,23.8,2015-09-06 15:10:07,U,43.2,2015-09-06 15:13:38,U,22.7,2015-09-06 15:13:38,U
2015-09-06,15:30:00,44.8,2015-09-06 15:22:46,U,21.8,2015-09-06 15:22:46,U,41.2,2015-09-06 15:10:07,P,23.8,2015-09-06 15:10:07,P,42.8,2015-09-06 15:29:28,U,22.9,2015-09-06 15:29:28,U
2015-09-06,15:40:00,44.8,2015-09-06 15:38:33,U,21.8,2015-09-06 15:38:33,U,40.8,2015-09-06 15:33:01,U,24.5,2015-09-06 15:33:01,U,42.8,2015-09-06 15:29:28,P,22.9,2015-09-06 15:29:28,P
2015-09-06,15:50:00,44.8,2015-09-06 15:38:33,P,21.8,2015-09-06 15:38:33,P,40.8,2015-09-06 15:33:01,P,24.5,2015-09-06 15:33:01,P,42,2015-09-06 15:45:18,U,23.2,2015-09-06 15:45:18,U
2015-09-06,16:00:00,44.8,2015-09-06 15:52:36,U,21.8,2015-09-06 15:52:36,U,39.2,2015-09-06 15:57:41,U,25.8,2015-09-06 15:57:41,U,41.2,2015-09-06 15:59:22,U,24,2015-09-06 15:59:22,U
2015-09-06,16:10:00,44.8,2015-09-06 16:08:23,U,21.9,2015-09-06 16:08:23,U,39.2,2015-09-06 15:57:41,P,25.8,2015-09-06 15:57:41,P,41.2,2015-09-06 15:59:22,P,24,2015-09-06 15:59:22,P
2015-09-06,16:20:00,44.8,2015-09-06 16:08:23,P,21.9,2015-09-06 16:08:23,P,38,2015-09-06 16:18:50,U,26.4,2015-09-06 16:18:50,U,41.2,2015-09-06 15:59:22,P,24,2015-09-06 15:59:22,P
2015-09-06,16:30:00,44,2015-09-06 16:29:26,U,21.9,2015-09-06 16:29:26,U,38,2015-09-06 16:18:50,P,26.4,2015-09-06 16:18:50,P,39.2,2015-09-06 16:22:15,U,25.1,2015-09-06 16:22:15,U
2015-09-06,16:40:00,44,2015-09-06 16:29:26,P,21.9,2015-09-06 16:29:26,P,37.6,2015-09-06 16:36:28,U,26.7,2015-09-06 16:36:28,U,39.2,2015-09-06 16:22:15,P,25.1,2015-09-06 16:22:15,P
2015-09-06,16:50:00,44,2015-09-06 16:29:26,P,21.9,2015-09-06 16:29:26,P,37.6,2015-09-06 16:36:28,P,26.7,2015-09-06 16:36:28,P,38.4,2015-09-06 16:43:23,U,25.8,2015-09-06 16:43:23,U
2015-09-06,17:00:00,44,2015-09-06 16:54:00,U,21.9,2015-09-06 16:54:00,U,38,2015-09-06 16:57:38,U,26.2,2015-09-06 16:57:38,U,38.4,2015-09-06 16:57:28,U,25.3,2015-09-06 16:57:28,U
2015-09-06,17:10:00,43.6,2015-09-06 17:06:17,U,21.9,2015-09-06 17:06:17,U,38.4,2015-09-06 17:09:58,U,25.9,2015-09-06 17:09:58,U,38.4,2015-09-06 16:57:28,P,25.3,2015-09-06 16:57:28,P
2015-09-06,17:20:00,43.6,2015-09-06 17:06:17,P,21.9,2015-09-06 17:06:17,P,38.4,2015-09-06 17:09:58,P,25.9,2015-09-06 17:09:58,P,39.2,2015-09-06 17:11:33,U,25,2015-09-06 17:11:33,U
2015-09-06,17:30:00,43.6,2015-09-06 17:27:21,U,21.9,2015-09-06 17:27:21,U,38.8,2015-09-06 17:29:21,U,25.4,2015-09-06 17:29:21,U,39.2,2015-09-06 17:11:33,P,25,2015-09-06 17:11:33,P
2015-09-06,17:40:00,43.6,2015-09-06 17:27:21,P,21.9,2015-09-06 17:27:21,P,38.8,2015-09-06 17:29:21,P,25.4,2015-09-06 17:29:21,P,40,2015-09-06 17:36:12,U,24.3,2015-09-06 17:36:12,U
2015-09-06,17:50:00,43.6,2015-09-06 17:41:23,U,21.9,2015-09-06 17:41:23,U,39.6,2015-09-06 17:45:13,U,25.1,2015-09-06 17:45:13,U,40,2015-09-06 17:36:12,P,24.3,2015-09-06 17:36:12,P
2015-09-06,18:00:00,43.6,2015-09-06 17:41:23,P,21.9,2015-09-06 17:41:23,P,39.6,2015-09-06 17:45:13,P,25.1,2015-09-06 17:45:13,P,40,2015-09-06 17:50:16,U,24.2,2015-09-06 17:50:16,U
2015-09-06,18:10:00,43.2,2015-09-06 18:02:26,U,21.9,2015-09-06 18:02:26,U,40,2015-09-06 18:08:07,U,24.8,2015-09-06 18:08:07,U,40,2015-09-06 17:50:16,P,24.2,2015-09-06 17:50:16,P
2015-09-06,18:20:00,43.2,2015-09-06 18:02:26,P,21.9,2015-09-06 18:02:26,P,40,2015-09-06 18:08:07,P,24.8,2015-09-06 18:08:07,P,40.8,2015-09-06 18:14:54,U,23.7,2015-09-06 18:14:54,U
2015-09-06,18:30:00,43.2,2015-09-06 18:27:00,U,21.9,2015-09-06 18:27:00,U,40,2015-09-06 18:29:16,U,24.5,2015-09-06 18:29:16,U,40.8,2015-09-06 18:14:54,P,23.7,2015-09-06 18:14:54,P
2015-09-06,18:40:00,43.2,2015-09-06 18:27:00,P,21.9,2015-09-06 18:27:00,P,40,2015-09-06 18:29:16,P,24.5,2015-09-06 18:29:16,P,40.8,2015-09-06 18:39:32,U,23.5,2015-09-06 18:39:32,U
2015-09-06,18:50:00,43.2,2015-09-06 18:48:04,U,21.8,2015-09-06 18:48:04,U,40,2015-09-06 18:29:16,P,24.5,2015-09-06 18:29:16,P,40.8,2015-09-06 18:39:32,P,23.5,2015-09-06 18:39:32,P
2015-09-06,19:00:00,43.2,2015-09-06 18:48:04,P,21.8,2015-09-06 18:48:04,P,40.4,2015-09-06 18:53:56,U,24.2,2015-09-06 18:53:56,U,40.8,2015-09-06 18:39:32,P,23.5,2015-09-06 18:39:32,P
2015-09-06,19:10:00,42.8,2015-09-06 19:05:37,U,21.6,2015-09-06 19:05:37,U,40.4,2015-09-06 18:53:56,P,24.2,2015-09-06 18:53:56,P,40.8,2015-09-06 19:00:39,U,23.4,2015-09-06 19:00:39,U
2015-09-06,19:20:00,42.8,2015-09-06 19:05:37,P,21.6,2015-09-06 19:05:37,P,40.4,2015-09-06 19:16:49,U,24,2015-09-06 19:16:49,U,40.8,2015-09-06 19:00:39,P,23.4,2015-09-06 19:00:39,P
2015-09-06,19:30:00,43.2,2015-09-06 19:28:25,U,21.6,2015-09-06 19:28:25,U,40.4,2015-09-06 19:16:49,P,24,2015-09-06 19:16:49,P,40.8,2015-09-06 19:23:31,U,23,2015-09-06 19:23:31,U
2015-09-06,19:40:00,43.2,2015-09-06 19:28:25,P,21.6,2015-09-06 19:28:25,P,40.4,2015-09-06 19:16:49,P,24,2015-09-06 19:16:49,P,40.8,2015-09-06 19:23:31,P,23,2015-09-06 19:23:31,P
2015-09-06,19:50:00,43.2,2015-09-06 19:49:28,U,21.6,2015-09-06 19:49:28,U,40.8,2015-09-06 19:41:29,U,23.8,2015-09-06 19:41:29,U,40.8,2015-09-06 19:42:52,U,22.9,2015-09-06 19:42:52,U
2015-09-06,20:00:00,43.2,2015-09-06 19:49:28,P,21.6,2015-09-06 19:49:28,P,40.8,2015-09-06 19:41:29,P,23.8,2015-09-06 19:41:29,P,40.8,2015-09-06 19:42:52,P,22.9,2015-09-06 19:42:52,P
2015-09-06,20:10:00,43.2,2015-09-06 20:03:31,U,21.4,2015-09-06 20:03:31,U,40.8,2015-09-06 20:04:23,U,23.5,2015-09-06 20:04:23,U,40.8,2015-09-06 20:05:44,U,22.7,2015-09-06 20:05:44,U
2015-09-06,20:20:00,43.2,2015-09-06 20:03:31,P,21.4,2015-09-06 20:03:31,P,40.8,2015-09-06 20:18:28,U,23.4,2015-09-06 20:18:28,U,40.8,2015-09-06 20:05:44,P,22.7,2015-09-06 20:05:44,P
2015-09-06,20:30:00,43.6,2015-09-06 20:24:33,U,21.3,2015-09-06 20:24:33,U,40.8,2015-09-06 20:18:28,P,23.4,2015-09-06 20:18:28,P,40.8,2015-09-06 20:05:44,P,22.7,2015-09-06 20:05:44,P
2015-09-06,20:40:00,43.6,2015-09-06 20:24:33,P,21.3,2015-09-06 20:24:33,P,40.8,2015-09-06 20:18:28,P,23.4,2015-09-06 20:18:28,P,40.8,2015-09-06 20:30:21,U,22.6,2015-09-06 20:30:21,U
2015-09-06,20:50:00,43.6,2015-09-06 20:43:51,U,21.1,2015-09-06 20:43:51,U,41.2,2015-09-06 20:43:08,U,23.4,2015-09-06 20:43:08,U,40.8,2015-09-06 20:44:25,U,22.6,2015-09-06 20:44:25,U
2015-09-06,21:00:00,43.6,2015-09-06 20:43:51,P,21.1,2015-09-06 20:43:51,P,41.2,2015-09-06 20:43:08,P,23.4,2015-09-06 20:43:08,P,40.8,2015-09-06 20:44:25,P,22.6,2015-09-06 20:44:25,P
2015-09-06,21:10:00,43.6,2015-09-06 21:08:25,U,21,2015-09-06 21:08:25,U,41.2,2015-09-06 21:02:30,U,23.2,2015-09-06 21:02:30,U,40.8,2015-09-06 21:03:45,U,22.6,2015-09-06 21:03:45,U
2015-09-06,21:20:00,43.6,2015-09-06 21:08:25,P,21,2015-09-06 21:08:25,P,41.2,2015-09-06 21:02:30,P,23.2,2015-09-06 21:02:30,P,40.8,2015-09-06 21:03:45,P,22.6,2015-09-06 21:03:45,P
2015-09-06,21:30:00,44,2015-09-06 21:24:12,U,21,2015-09-06 21:24:12,U,41.2,2015-09-06 21:25:24,U,23,2015-09-06 21:25:24,U,40.8,2015-09-06 21:23:06,U,22.4,2015-09-06 21:23:06,U
2015-09-06,21:40:00,44,2015-09-06 21:24:12,P,21,2015-09-06 21:24:12,P,41.2,2015-09-06 21:37:43,U,23,2015-09-06 21:37:43,U,40.8,2015-09-06 21:23:06,P,22.4,2015-09-06 21:23:06,P
2015-09-06,21:50:00,44.4,2015-09-06 21:47:00,U,20.8,2015-09-06 21:47:00,U,41.2,2015-09-06 21:37:43,P,23,2015-09-06 21:37:43,P,40.8,2015-09-06 21:44:12,U,22.2,2015-09-06 21:44:12,U
2015-09-06,22:00:00,44.4,2015-09-06 21:47:00,P,20.8,2015-09-06 21:47:00,P,41.2,2015-09-06 21:51:49,U,23,2015-09-06 21:51:49,U,40.8,2015-09-06 21:44:12,P,22.2,2015-09-06 21:44:12,P
2015-09-06,22:10:00,44.4,2015-09-06 22:01:02,U,20.6,2015-09-06 22:01:02,U,41.2,2015-09-06 22:04:08,U,22.9,2015-09-06 22:04:08,U,40.8,2015-09-06 22:01:47,U,22.2,2015-09-06 22:01:47,U
2015-09-06,22:20:00,44.4,2015-09-06 22:01:02,P,20.6,2015-09-06 22:01:02,P,41.2,2015-09-06 22:18:13,U,22.9,2015-09-06 22:18:13,U,40.8,2015-09-06 22:14:05,U,22.2,2015-09-06 22:14:05,U
2015-09-06,22:30:00,44.4,2015-09-06 22:23:50,U,20.6,2015-09-06 22:23:50,U,41.2,2015-09-06 22:18:13,P,22.9,2015-09-06 22:18:13,P,40.8,2015-09-06 22:14:05,P,22.2,2015-09-06 22:14:05,P
2015-09-06,22:40:00,44.4,2015-09-06 22:39:37,U,20.5,2015-09-06 22:39:37,U,41.2,2015-09-06 22:30:33,U,22.9,2015-09-06 22:30:33,U,40.4,2015-09-06 22:36:57,U,22.1,2015-09-06 22:36:57,U
2015-09-06,22:50:00,44.4,2015-09-06 22:39:37,P,20.5,2015-09-06 22:39:37,P,41.2,2015-09-06 22:30:33,P,22.9,2015-09-06 22:30:33,P,40.4,2015-09-06 22:36:57,P,22.1,2015-09-06 22:36:57,P
2015-09-06,23:00:00,44.4,2015-09-06 22:39:37,P,20.5,2015-09-06 22:39:37,P,41.2,2015-09-06 22:53:26,U,22.7,2015-09-06 22:53:26,U,40.4,2015-09-06 22:52:46,U,22.1,2015-09-06 22:52:46,U
2015-09-06,23:10:00,44.4,2015-09-06 23:04:10,U,20.5,2015-09-06 23:04:10,U,41.2,2015-09-06 22:53:26,P,22.7,2015-09-06 22:53:26,P,40.4,2015-09-06 22:52:46,P,22.1,2015-09-06 22:52:46,P
2015-09-06,23:20:00,44.4,2015-09-06 23:04:10,P,20.5,2015-09-06 23:04:10,P,41.2,2015-09-06 23:12:48,U,22.7,2015-09-06 23:12:48,U,40.4,2015-09-06 23:10:21,U,22.1,2015-09-06 23:10:21,U
2015-09-06,23:30:00,44.8,2015-09-06 23:25:13,U,20.3,2015-09-06 23:25:13,U,41.2,2015-09-06 23:25:08,U,22.6,2015-09-06 23:25:08,U,40.4,2015-09-06 23:22:40,U,21.9,2015-09-06 23:22:40,U
2015-09-06,23:40:00,44.8,2015-09-06 23:39:14,U,20.3,2015-09-06 23:39:14,U,41.2,2015-09-06 23:25:08,P,22.6,2015-09-06 23:25:08,P,40.4,2015-09-06 23:22:40,P,21.9,2015-09-06 23:22:40,P
2015-09-06,23:50:00,44.8,2015-09-06 23:39:14,P,20.3,2015-09-06 23:39:14,P,41.2,2015-09-06 23:46:15,U,22.6,2015-09-06 23:46:15,U,40.4,2015-09-06 23:43:45,U,21.9,2015-09-06 23:43:45,U
2015-09-07,00:00:00,44.8,2015-09-06 23:51:31,U,20.3,2015-09-06 23:51:31,U,41.2,2015-09-06 23:46:15,P,22.6,2015-09-06 23:46:15,P,40.4,2015-09-06 23:59:35,U,21.9,2015-09-06 23:59:35,U
2015-09-07,00:10:00,44.8,2015-09-06 23:51:31,P,20.3,2015-09-06 23:51:31,P,41.2,2015-09-07 00:09:09,U,22.4,2015-09-07 00:09:09,U,40.4,2015-09-06 23:59:35,P,21.9,2015-09-06 23:59:35,P
2015-09-07,00:20:00,44.8,2015-09-07 00:16:04,U,20.2,2015-09-07 00:16:04,U,41.2,2015-09-07 00:09:09,P,22.4,2015-09-07 00:09:09,P,40.4,2015-09-07 00:15:24,U,21.9,2015-09-07 00:15:24,U
2015-09-07,00:30:00,44.8,2015-09-07 00:16:04,P,20.2,2015-09-07 00:16:04,P,41.2,2015-09-07 00:09:09,P,22.4,2015-09-07 00:09:09,P,40.4,2015-09-07 00:15:24,P,21.9,2015-09-07 00:15:24,P
2015-09-07,00:40:00,44.8,2015-09-07 00:16:04,P,20.2,2015-09-07 00:16:04,P,41.2,2015-09-07 00:30:16,U,22.6,2015-09-07 00:30:16,U,40.4,2015-09-07 00:34:44,U,21.9,2015-09-07 00:34:44,U
2015-09-07,00:50:00,44.8,2015-09-07 00:40:37,U,20.2,2015-09-07 00:40:37,U,41.2,2015-09-07 00:44:21,U,22.4,2015-09-07 00:44:21,U,40.4,2015-09-07 00:47:03,U,21.8,2015-09-07 00:47:03,U
2015-09-07,01:00:00,44.8,2015-09-07 00:40:37,P,20.2,2015-09-07 00:40:37,P,41.2,2015-09-07 00:44:21,P,22.4,2015-09-07 00:44:21,P,40.4,2015-09-07 00:47:03,P,21.8,2015-09-07 00:47:03,P
2015-09-07,01:10:00,45.2,2015-09-07 01:01:40,U,20.2,2015-09-07 01:01:40,U,41.2,2015-09-07 01:00:12,U,22.4,2015-09-07 01:00:12,U,40.8,2015-09-07 01:04:37,U,21.8,2015-09-07 01:04:37,U
2015-09-07,01:20:00,45.2,2015-09-07 01:01:40,P,20.2,2015-09-07 01:01:40,P,41.2,2015-09-07 01:17:48,U,22.4,2015-09-07 01:17:48,U,40.8,2015-09-07 01:04:37,P,21.8,2015-09-07 01:04:37,P
2015-09-07,01:30:00,45.2,2015-09-07 01:22:42,U,20,2015-09-07 01:22:42,U,41.2,2015-09-07 01:17:48,P,22.4,2015-09-07 01:17:48,P,40.8,2015-09-07 01:23:58,U,21.8,2015-09-07 01:23:58,U
2015-09-07,01:40:00,45.2,2015-09-07 01:36:44,U,20,2015-09-07 01:36:44,U,41.2,2015-09-07 01:38:56,U,22.2,2015-09-07 01:38:56,U,40.8,2015-09-07 01:39:47,U,21.8,2015-09-07 01:39:47,U
2015-09-07,01:50:00,45.2,2015-09-07 01:49:00,U,20,2015-09-07 01:49:00,U,41.2,2015-09-07 01:38:56,P,22.2,2015-09-07 01:38:56,P,40.8,2015-09-07 01:39:47,P,21.8,2015-09-07 01:39:47,P
2015-09-07,02:00:00,45.2,2015-09-07 01:49:00,P,20,2015-09-07 01:49:00,P,41.2,2015-09-07 01:38:56,P,22.2,2015-09-07 01:38:56,P,40.8,2015-09-07 01:55:36,U,21.6,2015-09-07 01:55:36,U
2015-09-07,02:10:00,45.2,2015-09-07 01:49:00,P,20,2015-09-07 01:49:00,P,41.2,2015-09-07 02:03:35,U,22.2,2015-09-07 02:03:35,U,40.8,2015-09-07 01:55:36,P,21.6,2015-09-07 01:55:36,P
2015-09-07,02:20:00,45.2,2015-09-07 02:13:33,U,19.8,2015-09-07 02:13:33,U,41.2,2015-09-07 02:03:35,P,22.2,2015-09-07 02:03:35,P,40.8,2015-09-07 02:16:42,U,21.6,2015-09-07 02:16:42,U
2015-09-07,02:30:00,45.2,2015-09-07 02:13:33,P,19.8,2015-09-07 02:13:33,P,41.2,2015-09-07 02:21:11,U,22.2,2015-09-07 02:21:11,U,40.8,2015-09-07 02:16:42,P,21.6,2015-09-07 02:16:42,P
2015-09-07,02:40:00,45.2,2015-09-07 02:34:35,U,19.8,2015-09-07 02:34:35,U,41.2,2015-09-07 02:21:11,P,22.2,2015-09-07 02:21:11,P,40.8,2015-09-07 02:37:47,U,21.6,2015-09-07 02:37:47,U
2015-09-07,02:50:00,45.2,2015-09-07 02:34:35,P,19.8,2015-09-07 02:34:35,P,41.2,2015-09-07 02:40:33,U,22.1,2015-09-07 02:40:33,U,40.8,2015-09-07 02:37:47,P,21.6,2015-09-07 02:37:47,P
2015-09-07,03:00:00,45.6,2015-09-07 02:53:53,U,19.8,2015-09-07 02:53:53,U,41.2,2015-09-07 02:56:23,U,22.1,2015-09-07 02:56:23,U,40.8,2015-09-07 02:55:22,U,21.4,2015-09-07 02:55:22,U
2015-09-07,03:10:00,45.6,2015-09-07 03:07:54,U,19.7,2015-09-07 03:07:54,U,41.2,2015-09-07 03:08:43,U,22.1,2015-09-07 03:08:43,U,40.8,2015-09-07 02:55:22,P,21.4,2015-09-07 02:55:22,P
2015-09-07,03:20:00,45.6,2015-09-07 03:07:54,P,19.7,2015-09-07 03:07:54,P,41.2,2015-09-07 03:08:43,P,22.1,2015-09-07 03:08:43,P,40.8,2015-09-07 03:11:11,U,21.4,2015-09-07 03:11:11,U
2015-09-07,03:30:00,45.6,2015-09-07 03:07:54,P,19.7,2015-09-07 03:07:54,P,41.2,2015-09-07 03:08:43,P,22.1,2015-09-07 03:08:43,P,40.8,2015-09-07 03:11:11,P,21.4,2015-09-07 03:11:11,P
2015-09-07,03:40:00,45.6,2015-09-07 03:30:42,U,19.7,2015-09-07 03:30:42,U,41.2,2015-09-07 03:31:36,U,22.1,2015-09-07 03:31:36,U,40.8,2015-09-07 03:34:02,U,21.4,2015-09-07 03:34:02,U
2015-09-07,03:50:00,45.6,2015-09-07 03:48:14,U,19.7,2015-09-07 03:48:14,U,41.2,2015-09-07 03:31:36,P,22.1,2015-09-07 03:31:36,P,40.8,2015-09-07 03:34:02,P,21.4,2015-09-07 03:34:02,P
2015-09-07,04:00:00,45.6,2015-09-07 03:48:14,P,19.7,2015-09-07 03:48:14,P,40.8,2015-09-07 03:54:29,U,21.9,2015-09-07 03:54:29,U,40.8,2015-09-07 03:55:08,U,21.3,2015-09-07 03:55:08,U
2015-09-07,04:10:00,46,2015-09-07 04:07:31,U,19.7,2015-09-07 04:07:31,U,40.8,2015-09-07 04:06:48,U,21.8,2015-09-07 04:06:48,U,40.8,2015-09-07 03:55:08,P,21.3,2015-09-07 03:55:08,P
2015-09-07,04:20:00,46,2015-09-07 04:07:31,P,19.7,2015-09-07 04:07:31,P,40.8,2015-09-07 04:06:48,P,21.8,2015-09-07 04:06:48,P,40.8,2015-09-07 04:12:43,U,21.3,2015-09-07 04:12:43,U
2015-09-07,04:30:00,46,2015-09-07 04:23:17,U,19.7,2015-09-07 04:23:17,U,40.8,2015-09-07 04:27:56,U,21.9,2015-09-07 04:27:56,U,40.8,2015-09-07 04:12:43,P,21.3,2015-09-07 04:12:43,P
2015-09-07,04:40:00,46,2015-09-07 04:23:17,P,19.7,2015-09-07 04:23:17,P,40.8,2015-09-07 04:27:56,P,21.9,2015-09-07 04:27:56,P,40.8,2015-09-07 04:30:17,U,21.3,2015-09-07 04:30:17,U
2015-09-07,04:50:00,46,2015-09-07 04:40:49,U,19.5,2015-09-07 04:40:49,U,40.8,2015-09-07 04:27:56,P,21.9,2015-09-07 04:27:56,P,40.8,2015-09-07 04:46:06,U,21.3,2015-09-07 04:46:06,U
2015-09-07,05:00:00,46,2015-09-07 04:53:06,U,19.5,2015-09-07 04:53:06,U,41.2,2015-09-07 04:52:34,U,21.9,2015-09-07 04:52:34,U,40.8,2015-09-07 04:46:06,P,21.3,2015-09-07 04:46:06,P
2015-09-07,05:10:00,46,2015-09-07 05:05:22,U,19.5,2015-09-07 05:05:22,U,41.2,2015-09-07 04:52:34,P,21.9,2015-09-07 04:52:34,P,40.8,2015-09-07 04:46:06,P,21.3,2015-09-07 04:46:06,P
2015-09-07,05:20:00,46,2015-09-07 05:05:22,P,19.5,2015-09-07 05:05:22,P,41.2,2015-09-07 05:17:13,U,21.8,2015-09-07 05:17:13,U,40.8,2015-09-07 05:10:43,U,21.3,2015-09-07 05:10:43,U
2015-09-07,05:30:00,46,2015-09-07 05:28:09,U,19.5,2015-09-07 05:28:09,U,41.2,2015-09-07 05:17:13,P,21.8,2015-09-07 05:17:13,P,40.8,2015-09-07 05:10:43,P,21.3,2015-09-07 05:10:43,P
2015-09-07,05:40:00,46,2015-09-07 05:28:09,P,19.5,2015-09-07 05:28:09,P,41.2,2015-09-07 05:36:35,U,21.8,2015-09-07 05:36:35,U,40.8,2015-09-07 05:33:34,U,21.1,2015-09-07 05:33:34,U
2015-09-07,05:50:00,46,2015-09-07 05:40:26,U,19.4,2015-09-07 05:40:26,U,41.2,2015-09-07 05:36:35,P,21.8,2015-09-07 05:36:35,P,40.8,2015-09-07 05:33:34,P,21.1,2015-09-07 05:33:34,P
2015-09-07,06:00:00,46,2015-09-07 05:54:27,U,19.4,2015-09-07 05:54:27,U,41.2,2015-09-07 05:54:11,U,21.8,2015-09-07 05:54:11,U,41.2,2015-09-07 05:51:08,U,21.1,2015-09-07 05:51:08,U
2015-09-07,06:10:00,46.4,2015-09-07 06:08:29,U,19.5,2015-09-07 06:08:29,U,41.2,2015-09-07 05:54:11,P,21.8,2015-09-07 05:54:11,P,41.2,2015-09-07 06:05:12,U,21.1,2015-09-07 06:05:12,U
2015-09-07,06:20:00,46.4,2015-09-07 06:08:29,P,19.5,2015-09-07 06:08:29,P,41.2,2015-09-07 06:11:47,U,21.8,2015-09-07 06:11:47,U,41.2,2015-09-07 06:05:12,P,21.1,2015-09-07 06:05:12,P
2015-09-07,06:30:00,46.4,2015-09-07 06:24:15,U,19.4,2015-09-07 06:24:15,U,41.2,2015-09-07 06:11:47,P,21.8,2015-09-07 06:11:47,P,41.2,2015-09-07 06:21:01,U,21.1,2015-09-07 06:21:01,U
2015-09-07,06:40:00,46.4,2015-09-07 06:38:17,U,19.4,2015-09-07 06:38:17,U,40.8,2015-09-07 06:36:26,U,21.6,2015-09-07 06:36:26,U,42,2015-09-07 06:35:05,U,21.1,2015-09-07 06:35:05,U
2015-09-07,06:50:00,46.4,2015-09-07 06:38:17,P,19.4,2015-09-07 06:38:17,P,40.8,2015-09-07 06:36:26,P,21.6,2015-09-07 06:36:26,P,42,2015-09-07 06:35:05,P,21.1,2015-09-07 06:35:05,P
2015-09-07,07:00:00,46.4,2015-09-07 06:52:18,U,19.5,2015-09-07 06:52:18,U,40.8,2015-09-07 06:59:19,U,21.8,2015-09-07 06:59:19,U,41.6,2015-09-07 06:54:25,U,21,2015-09-07 06:54:25,U
2015-09-07,07:10:00,46.4,2015-09-07 06:52:18,P,19.5,2015-09-07 06:52:18,P,40.8,2015-09-07 06:59:19,P,21.8,2015-09-07 06:59:19,P,41.6,2015-09-07 06:54:25,P,21,2015-09-07 06:54:25,P
2015-09-07,07:20:00,46.4,2015-09-07 07:11:35,U,19.4,2015-09-07 07:11:35,U,40.8,2015-09-07 07:16:55,U,21.6,2015-09-07 07:16:55,U,41.6,2015-09-07 07:17:16,U,21,2015-09-07 07:17:16,U
2015-09-07,07:30:00,46.4,2015-09-07 07:11:35,P,19.4,2015-09-07 07:11:35,P,40.8,2015-09-07 07:16:55,P,21.6,2015-09-07 07:16:55,P,41.6,2015-09-07 07:17:16,P,21,2015-09-07 07:17:16,P
2015-09-07,07:40:00,46.4,2015-09-07 07:36:08,U,19.2,2015-09-07 07:36:08,U,40.8,2015-09-07 07:34:31,U,21.6,2015-09-07 07:34:31,U,41.6,2015-09-07 07:17:16,P,21,2015-09-07 07:17:16,P
2015-09-07,07:50:00,46.4,2015-09-07 07:36:08,P,19.2,2015-09-07 07:36:08,P,40.8,2015-09-07 07:34:31,P,21.6,2015-09-07 07:34:31,P,41.6,2015-09-07 07:40:07,U,21.1,2015-09-07 07:40:07,U
2015-09-07,08:00:00,46.8,2015-09-07 07:51:54,U,19.4,2015-09-07 07:51:54,U,40.8,2015-09-07 07:53:53,U,21.6,2015-09-07 07:53:53,U,41.6,2015-09-07 07:52:25,U,21,2015-09-07 07:52:25,U
2015-09-07,08:10:00,46.8,2015-09-07 08:05:56,U,19.4,2015-09-07 08:05:56,U,40.8,2015-09-07 07:53:53,P,21.6,2015-09-07 07:53:53,P,41.6,2015-09-07 07:52:25,P,21,2015-09-07 07:52:25,P
2015-09-07,08:20:00,46.8,2015-09-07 08:05:56,P,19.4,2015-09-07 08:05:56,P,40.8,2015-09-07 08:11:29,U,21.4,2015-09-07 08:11:29,U,41.6,2015-09-07 08:15:16,U,21.1,2015-09-07 08:15:16,U
2015-09-07,08:30:00,46.8,2015-09-07 08:28:43,U,19.5,2015-09-07 08:28:43,U,40.8,2015-09-07 08:11:29,P,21.4,2015-09-07 08:11:29,P,41.6,2015-09-07 08:15:16,P,21.1,2015-09-07 08:15:16,P
2015-09-07,08:40:00,46.8,2015-09-07 08:28:43,P,19.5,2015-09-07 08:28:43,P,40.8,2015-09-07 08:36:08,U,21.6,2015-09-07 08:36:08,U,43.6,2015-09-07 08:39:52,U,21.4,2015-09-07 08:39:52,U
2015-09-07,08:50:00,46.8,2015-09-07 08:28:43,P,19.5,2015-09-07 08:28:43,P,40.8,2015-09-07 08:36:08,P,21.6,2015-09-07 08:36:08,P,43.6,2015-09-07 08:39:52,P,21.4,2015-09-07 08:39:52,P
2015-09-07,09:00:00,46.8,2015-09-07 08:28:43,P,19.5,2015-09-07 08:28:43,P,41.2,2015-09-07 08:53:44,U,21.9,2015-09-07 08:53:44,U,44,2015-09-07 08:53:56,U,21.6,2015-09-07 08:53:56,U
2015-09-07,09:10:00,46.8,2015-09-07 08:28:43,P,19.5,2015-09-07 08:28:43,P,41.2,2015-09-07 09:06:03,U,22.1,2015-09-07 09:06:03,U,43.6,2015-09-07 09:06:15,U,21.6,2015-09-07 09:06:15,U
2015-09-07,09:20:00,46.8,2015-09-07 08:28:43,P,19.5,2015-09-07 08:28:43,P,41.2,2015-09-07 09:06:03,P,22.1,2015-09-07 09:06:03,P,43.6,2015-09-07 09:06:15,P,21.6,2015-09-07 09:06:15,P
2015-09-07,09:30:00,46.8,2015-09-07 08:28:43,P,19.5,2015-09-07 08:28:43,P,41.2,2015-09-07 09:06:03,P,22.1,2015-09-07 09:06:03,P,43.6,2015-09-07 09:06:15,P,21.6,2015-09-07 09:06:15,P
2015-09-07,09:40:00,46.8,2015-09-07 09:37:07,U,20.3,2015-09-07 09:37:07,U,40.8,2015-09-07 09:30:42,U,22.2,2015-09-07 09:30:42,U,43.6,2015-09-07 09:30:51,U,21.9,2015-09-07 09:30:51,U
2015-09-07,09:50:00,46.8,2015-09-07 09:37:07,P,20.3,2015-09-07 09:37:07,P,40.8,2015-09-07 09:30:42,P,22.2,2015-09-07 09:30:42,P,44,2015-09-07 09:46:41,U,22.1,2015-09-07 09:46:41,U
2015-09-07,10:00:00,47.2,2015-09-07 09:59:55,U,20.6,2015-09-07 09:59:55,U,40.8,2015-09-07 09:55:21,U,22.6,2015-09-07 09:55:21,U,44,2015-09-07 09:46:41,P,22.1,2015-09-07 09:46:41,P
2015-09-07,10:10:00,47.2,2015-09-07 09:59:55,P,20.6,2015-09-07 09:59:55,P,40.8,2015-09-07 09:55:21,P,22.6,2015-09-07 09:55:21,P,44,2015-09-07 10:00:45,U,22.1,2015-09-07 10:00:45,U
2015-09-07,10:20:00,47.2,2015-09-07 09:59:55,P,20.6,2015-09-07 09:59:55,P,40.8,2015-09-07 10:12:57,U,22.7,2015-09-07 10:12:57,U,44,2015-09-07 10:00:45,P,22.1,2015-09-07 10:00:45,P
2015-09-07,10:30:00,46.8,2015-09-07 10:20:58,U,21.1,2015-09-07 10:20:58,U,40.8,2015-09-07 10:28:48,U,22.9,2015-09-07 10:28:48,U,43.6,2015-09-07 10:21:51,U,22.2,2015-09-07 10:21:51,U
2015-09-07,10:40:00,46.8,2015-09-07 10:20:58,P,21.1,2015-09-07 10:20:58,P,40.8,2015-09-07 10:28:48,P,22.9,2015-09-07 10:28:48,P,43.6,2015-09-07 10:34:09,U,22.4,2015-09-07 10:34:09,U
2015-09-07,10:50:00,46,2015-09-07 10:42:01,U,21.1,2015-09-07 10:42:01,U,40.8,2015-09-07 10:28:48,P,22.9,2015-09-07 10:28:48,P,43.6,2015-09-07 10:46:28,U,22.6,2015-09-07 10:46:28,U
2015-09-07,11:00:00,46,2015-09-07 10:42:01,P,21.1,2015-09-07 10:42:01,P,40.8,2015-09-07 10:51:42,U,22.9,2015-09-07 10:51:42,U,43.6,2015-09-07 10:46:28,P,22.6,2015-09-07 10:46:28,P
2015-09-07,11:10:00,46.8,2015-09-07 11:01:19,U,21.4,2015-09-07 11:01:19,U,40.8,2015-09-07 11:09:18,U,23.2,2015-09-07 11:09:18,U,43.6,2015-09-07 11:05:49,U,22.9,2015-09-07 11:05:49,U
2015-09-07,11:20:00,46.8,2015-09-07 11:17:06,U,21.4,2015-09-07 11:17:06,U,40.8,2015-09-07 11:09:18,P,23.2,2015-09-07 11:09:18,P,43.6,2015-09-07 11:05:49,P,22.9,2015-09-07 11:05:49,P
2015-09-07,11:30:00,46.8,2015-09-07 11:17:06,P,21.4,2015-09-07 11:17:06,P,41.6,2015-09-07 11:25:09,U,23.4,2015-09-07 11:25:09,U,43.6,2015-09-07 11:21:38,U,23,2015-09-07 11:21:38,U
2015-09-07,11:40:00,46.4,2015-09-07 11:38:09,U,21.8,2015-09-07 11:38:09,U,41.6,2015-09-07 11:25:09,P,23.4,2015-09-07 11:25:09,P,43.6,2015-09-07 11:35:43,U,23.2,2015-09-07 11:35:43,U
2015-09-07,11:50:00,46.4,2015-09-07 11:38:09,P,21.8,2015-09-07 11:38:09,P,41.2,2015-09-07 11:41:00,U,23.4,2015-09-07 11:41:00,U,43.6,2015-09-07 11:35:43,P,23.2,2015-09-07 11:35:43,P
2015-09-07,12:00:00,46.4,2015-09-07 11:52:12,U,21.8,2015-09-07 11:52:12,U,41.2,2015-09-07 11:41:00,P,23.4,2015-09-07 11:41:00,P,44,2015-09-07 11:53:18,U,23.4,2015-09-07 11:53:18,U
2015-09-07,12:10:00,46.4,2015-09-07 11:52:12,P,21.8,2015-09-07 11:52:12,P,41.6,2015-09-07 12:05:40,U,23.7,2015-09-07 12:05:40,U,44,2015-09-07 11:53:18,P,23.4,2015-09-07 11:53:18,P
2015-09-07,12:20:00,46,2015-09-07 12:11:30,U,21.9,2015-09-07 12:11:30,U,41.6,2015-09-07 12:05:40,P,23.7,2015-09-07 12:05:40,P,43.2,2015-09-07 12:16:10,U,23.5,2015-09-07 12:16:10,U
2015-09-07,12:30:00,45.6,2015-09-07 12:23:47,U,22.1,2015-09-07 12:23:47,U,41.2,2015-09-07 12:28:34,U,23.7,2015-09-07 12:28:34,U,43.2,2015-09-07 12:28:29,U,23.5,2015-09-07 12:28:29,U
2015-09-07,12:40:00,45.6,2015-09-07 12:23:47,P,22.1,2015-09-07 12:23:47,P,41.2,2015-09-07 12:28:34,P,23.7,2015-09-07 12:28:34,P,43.2,2015-09-07 12:28:29,P,23.5,2015-09-07 12:28:29,P
2015-09-07,12:50:00,45.6,2015-09-07 12:23:47,P,22.1,2015-09-07 12:23:47,P,40,2015-09-07 12:44:25,U,23.7,2015-09-07 12:44:25,U,43.2,2015-09-07 12:49:36,U,23.4,2015-09-07 12:49:36,U
2015-09-07,13:00:00,44,2015-09-07 12:51:52,U,21.8,2015-09-07 12:51:52,U,40,2015-09-07 12:44:25,P,23.7,2015-09-07 12:44:25,P,43.2,2015-09-07 12:49:36,P,23.4,2015-09-07 12:49:36,P
2015-09-07,13:10:00,39.6,2015-09-07 13:09:24,U,21.6,2015-09-07 13:09:24,U,40.4,2015-09-07 13:02:01,U,23.5,2015-09-07 13:02:01,U,43.2,2015-09-07 12:49:36,P,23.4,2015-09-07 12:49:36,P
2015-09-07,13:20:00,39.6,2015-09-07 13:09:24,P,21.6,2015-09-07 13:09:24,P,40.4,2015-09-07 13:02:01,P,23.5,2015-09-07 13:02:01,P,42.8,2015-09-07 13:12:28,U,23.2,2015-09-07 13:12:28,U
2015-09-07,13:30:00,39.6,2015-09-07 13:09:24,P,21.6,2015-09-07 13:09:24,P,40,2015-09-07 13:23:10,U,23.7,2015-09-07 13:23:10,U,42.8,2015-09-07 13:12:28,P,23.2,2015-09-07 13:12:28,P
2015-09-07,13:40:00,41.2,2015-09-07 13:30:28,U,21.9,2015-09-07 13:30:28,U,40,2015-09-07 13:23:10,P,23.7,2015-09-07 13:23:10,P,40.8,2015-09-07 13:37:06,U,23.4,2015-09-07 13:37:06,U
2015-09-07,13:50:00,41.2,2015-09-07 13:30:28,P,21.9,2015-09-07 13:30:28,P,40,2015-09-07 13:47:49,U,23.8,2015-09-07 13:47:49,U,41.6,2015-09-07 13:49:24,U,23.5,2015-09-07 13:49:24,U
2015-09-07,14:00:00,40.8,2015-09-07 13:51:31,U,21.8,2015-09-07 13:51:31,U,40,2015-09-07 13:47:49,P,23.8,2015-09-07 13:47:49,P,41.6,2015-09-07 13:49:24,P,23.5,2015-09-07 13:49:24,P
2015-09-07,14:10:00,42,2015-09-07 14:07:19,U,21.9,2015-09-07 14:07:19,U,40,2015-09-07 14:00:09,U,23.8,2015-09-07 14:00:09,U,40.8,2015-09-07 14:01:43,U,23.7,2015-09-07 14:01:43,U
2015-09-07,14:20:00,42,2015-09-07 14:07:19,P,21.9,2015-09-07 14:07:19,P,39.6,2015-09-07 14:12:29,U,24,2015-09-07 14:12:29,U,41.2,2015-09-07 14:15:48,U,23.8,2015-09-07 14:15:48,U
2015-09-07,14:30:00,42.8,2015-09-07 14:21:21,U,22.1,2015-09-07 14:21:21,U,39.6,2015-09-07 14:24:49,U,24.2,2015-09-07 14:24:49,U,40.8,2015-09-07 14:29:52,U,23.8,2015-09-07 14:29:52,U
2015-09-07,14:40:00,42.8,2015-09-07 14:21:21,P,22.1,2015-09-07 14:21:21,P,39.6,2015-09-07 14:24:49,P,24.2,2015-09-07 14:24:49,P,40.8,2015-09-07 14:29:52,P,23.8,2015-09-07 14:29:52,P
2015-09-07,14:50:00,42.4,2015-09-07 14:45:55,U,22.2,2015-09-07 14:45:55,U,39.2,2015-09-07 14:42:25,U,24.3,2015-09-07 14:42:25,U,41.2,2015-09-07 14:47:28,U,24,2015-09-07 14:47:28,U
2015-09-07,15:00:00,42.4,2015-09-07 14:45:55,P,22.2,2015-09-07 14:45:55,P,39.2,2015-09-07 14:42:25,P,24.3,2015-09-07 14:42:25,P,41.2,2015-09-07 14:47:28,P,24,2015-09-07 14:47:28,P
2015-09-07,15:10:00,42.4,2015-09-07 14:45:55,P,22.2,2015-09-07 14:45:55,P,36.4,2015-09-07 15:03:34,U,24.6,2015-09-07 15:03:34,U,40,2015-09-07 15:03:18,U,24.2,2015-09-07 15:03:18,U
2015-09-07,15:20:00,42,2015-09-07 15:10:30,U,22.4,2015-09-07 15:10:30,U,36.4,2015-09-07 15:03:34,P,24.6,2015-09-07 15:03:34,P,40,2015-09-07 15:03:18,P,24.2,2015-09-07 15:03:18,P
2015-09-07,15:30:00,42,2015-09-07 15:10:30,P,22.4,2015-09-07 15:10:30,P,33.6,2015-09-07 15:22:57,U,25.3,2015-09-07 15:22:57,U,38.4,2015-09-07 15:27:56,U,24.5,2015-09-07 15:27:56,U
2015-09-07,15:40:00,42.4,2015-09-07 15:33:19,U,22.6,2015-09-07 15:33:19,U,33.6,2015-09-07 15:22:57,P,25.3,2015-09-07 15:22:57,P,38.4,2015-09-07 15:27:56,P,24.5,2015-09-07 15:27:56,P
2015-09-07,15:50:00,42.8,2015-09-07 15:49:07,U,22.7,2015-09-07 15:49:07,U,31.6,2015-09-07 15:44:06,U,26.1,2015-09-07 15:44:06,U,36.4,2015-09-07 15:49:04,U,24.8,2015-09-07 15:49:04,U
2015-09-07,16:00:00,42.8,2015-09-07 15:49:07,P,22.7,2015-09-07 15:49:07,P,31.6,2015-09-07 15:44:06,P,26.1,2015-09-07 15:44:06,P,36.4,2015-09-07 15:49:04,P,24.8,2015-09-07 15:49:04,P
2015-09-07,16:10:00,42,2015-09-07 16:01:24,U,22.7,2015-09-07 16:01:24,U,30,2015-09-07 16:05:15,U,27,2015-09-07 16:05:15,U,34.4,2015-09-07 16:08:25,U,25.8,2015-09-07 16:08:25,U
2015-09-07,16:20:00,41.6,2015-09-07 16:18:57,U,22.7,2015-09-07 16:18:57,U,30,2015-09-07 16:05:15,P,27,2015-09-07 16:05:15,P,34.4,2015-09-07 16:08:25,P,25.8,2015-09-07 16:08:25,P
2015-09-07,16:30:00,41.6,2015-09-07 16:18:57,P,22.7,2015-09-07 16:18:57,P,30,2015-09-07 16:24:39,U,27.4,2015-09-07 16:24:39,U,34.4,2015-09-07 16:24:16,U,26.4,2015-09-07 16:24:16,U
2015-09-07,16:40:00,41.6,2015-09-07 16:36:31,U,22.7,2015-09-07 16:36:31,U,30,2015-09-07 16:24:39,P,27.4,2015-09-07 16:24:39,P,34.4,2015-09-07 16:24:16,P,26.4,2015-09-07 16:24:16,P
2015-09-07,16:50:00,41.6,2015-09-07 16:36:31,P,22.7,2015-09-07 16:36:31,P,29.2,2015-09-07 16:40:32,U,25,2015-09-07 16:40:32,U,32.8,2015-09-07 16:48:56,U,26.4,2015-09-07 16:48:56,U
2015-09-07,17:00:00,40.8,2015-09-07 16:54:04,U,22.7,2015-09-07 16:54:04,U,31.2,2015-09-07 16:59:54,U,24.8,2015-09-07 16:59:54,U,32.8,2015-09-07 16:48:56,P,26.4,2015-09-07 16:48:56,P
2015-09-07,17:10:00,40.8,2015-09-07 17:09:52,U,22.9,2015-09-07 17:09:52,U,31.2,2015-09-07 16:59:54,P,24.8,2015-09-07 16:59:54,P,33.2,2015-09-07 17:04:47,U,25.8,2015-09-07 17:04:47,U
2015-09-07,17:20:00,40.8,2015-09-07 17:09:52,P,22.9,2015-09-07 17:09:52,P,31.2,2015-09-07 16:59:54,P,24.8,2015-09-07 16:59:54,P,33.2,2015-09-07 17:04:47,P,25.8,2015-09-07 17:04:47,P
2015-09-07,17:30:00,40.8,2015-09-07 17:09:52,P,22.9,2015-09-07 17:09:52,P,34,2015-09-07 17:22:49,U,24.5,2015-09-07 17:22:49,U,34.4,2015-09-07 17:24:09,U,25.4,2015-09-07 17:24:09,U
2015-09-07,17:40:00,41.6,2015-09-07 17:30:56,U,22.9,2015-09-07 17:30:56,U,34,2015-09-07 17:22:49,P,24.5,2015-09-07 17:22:49,P,34.8,2015-09-07 17:39:59,U,25,2015-09-07 17:39:59,U
2015-09-07,17:50:00,41.6,2015-09-07 17:30:56,P,22.9,2015-09-07 17:30:56,P,34.4,2015-09-07 17:43:57,U,24.6,2015-09-07 17:43:57,U,34.8,2015-09-07 17:39:59,P,25,2015-09-07 17:39:59,P
2015-09-07,18:00:00,42.4,2015-09-07 17:52:00,U,22.7,2015-09-07 17:52:00,U,34.4,2015-09-07 17:43:57,P,24.6,2015-09-07 17:43:57,P,35.2,2015-09-07 17:57:35,U,24.6,2015-09-07 17:57:35,U
2015-09-07,18:10:00,42,2015-09-07 18:07:48,U,22.7,2015-09-07 18:07:48,U,35.2,2015-09-07 18:08:37,U,24.2,2015-09-07 18:08:37,U,35.2,2015-09-07 17:57:35,P,24.6,2015-09-07 17:57:35,P
2015-09-07,18:20:00,42,2015-09-07 18:07:48,P,22.7,2015-09-07 18:07:48,P,35.2,2015-09-07 18:08:37,P,24.2,2015-09-07 18:08:37,P,35.6,2015-09-07 18:11:40,U,24.3,2015-09-07 18:11:40,U
2015-09-07,18:30:00,42,2015-09-07 18:07:48,P,22.7,2015-09-07 18:07:48,P,35.2,2015-09-07 18:08:37,P,24.2,2015-09-07 18:08:37,P,35.6,2015-09-07 18:11:40,P,24.3,2015-09-07 18:11:40,P
2015-09-07,18:40:00,42.4,2015-09-07 18:30:37,U,22.6,2015-09-07 18:30:37,U,36.4,2015-09-07 18:33:17,U,23.8,2015-09-07 18:33:17,U,36.8,2015-09-07 18:36:18,U,24.2,2015-09-07 18:36:18,U
2015-09-07,18:50:00,42.4,2015-09-07 18:44:40,U,22.4,2015-09-07 18:44:40,U,36.8,2015-09-07 18:47:22,U,24,2015-09-07 18:47:22,U,36.8,2015-09-07 18:36:18,P,24.2,2015-09-07 18:36:18,P
2015-09-07,19:00:00,42.4,2015-09-07 18:44:40,P,22.4,2015-09-07 18:44:40,P,36.8,2015-09-07 18:59:42,U,24.2,2015-09-07 18:59:42,U,37.6,2015-09-07 18:57:24,U,23.7,2015-09-07 18:57:24,U
2015-09-07,19:10:00,42.4,2015-09-07 19:02:13,U,22.2,2015-09-07 19:02:13,U,36.8,2015-09-07 18:59:42,P,24.2,2015-09-07 18:59:42,P,37.6,2015-09-07 18:57:24,P,23.7,2015-09-07 18:57:24,P
2015-09-07,19:20:00,42.8,2015-09-07 19:14:30,U,22.2,2015-09-07 19:14:30,U,36.8,2015-09-07 19:17:19,U,24.2,2015-09-07 19:17:19,U,37.6,2015-09-07 18:57:24,P,23.7,2015-09-07 18:57:24,P
2015-09-07,19:30:00,42.8,2015-09-07 19:14:30,P,22.2,2015-09-07 19:14:30,P,36.8,2015-09-07 19:17:19,P,24.2,2015-09-07 19:17:19,P,37.6,2015-09-07 19:22:02,U,23.5,2015-09-07 19:22:02,U
2015-09-07,19:40:00,42.8,2015-09-07 19:37:19,U,22.1,2015-09-07 19:37:19,U,36.8,2015-09-07 19:34:56,U,24,2015-09-07 19:34:56,U,38,2015-09-07 19:34:21,U,23.4,2015-09-07 19:34:21,U
2015-09-07,19:50:00,42.8,2015-09-07 19:49:36,U,21.9,2015-09-07 19:49:36,U,36.8,2015-09-07 19:34:56,P,24,2015-09-07 19:34:56,P,38.4,2015-09-07 19:48:25,U,23.2,2015-09-07 19:48:25,U
2015-09-07,20:00:00,42.8,2015-09-07 19:49:36,P,21.9,2015-09-07 19:49:36,P,37.2,2015-09-07 19:57:50,U,23.8,2015-09-07 19:57:50,U,38.4,2015-09-07 19:48:25,P,23.2,2015-09-07 19:48:25,P
2015-09-07,20:10:00,43.2,2015-09-07 20:03:38,U,21.9,2015-09-07 20:03:38,U,37.2,2015-09-07 19:57:50,P,23.8,2015-09-07 19:57:50,P,39.2,2015-09-07 20:04:15,U,23.2,2015-09-07 20:04:15,U
2015-09-07,20:20:00,43.2,2015-09-07 20:03:38,P,21.9,2015-09-07 20:03:38,P,37.2,2015-09-07 20:11:55,U,23.8,2015-09-07 20:11:55,U,39.6,2015-09-07 20:18:19,U,23,2015-09-07 20:18:19,U
2015-09-07,20:30:00,44,2015-09-07 20:26:26,U,21.6,2015-09-07 20:26:26,U,37.2,2015-09-07 20:11:55,P,23.8,2015-09-07 20:11:55,P,39.6,2015-09-07 20:18:19,P,23,2015-09-07 20:18:19,P
2015-09-07,20:40:00,44,2015-09-07 20:26:26,P,21.6,2015-09-07 20:26:26,P,37.6,2015-09-07 20:33:03,U,23.7,2015-09-07 20:33:03,U,40,2015-09-07 20:34:09,U,23,2015-09-07 20:34:09,U
2015-09-07,20:50:00,44.4,2015-09-07 20:47:30,U,21.4,2015-09-07 20:47:30,U,37.6,2015-09-07 20:33:03,P,23.7,2015-09-07 20:33:03,P,40,2015-09-07 20:46:27,U,22.9,2015-09-07 20:46:27,U
2015-09-07,21:00:00,44.4,2015-09-07 20:47:30,P,21.4,2015-09-07 20:47:30,P,37.6,2015-09-07 20:55:57,U,23.4,2015-09-07 20:55:57,U,40,2015-09-07 20:46:27,P,22.9,2015-09-07 20:46:27,P
2015-09-07,21:10:00,44.4,2015-09-07 21:05:02,U,21.3,2015-09-07 21:05:02,U,37.6,2015-09-07 20:55:57,P,23.4,2015-09-07 20:55:57,P,40,2015-09-07 21:02:17,U,22.9,2015-09-07 21:02:17,U
2015-09-07,21:20:00,44.4,2015-09-07 21:05:02,P,21.3,2015-09-07 21:05:02,P,37.6,2015-09-07 20:55:57,P,23.4,2015-09-07 20:55:57,P,40,2015-09-07 21:16:21,U,22.7,2015-09-07 21:16:21,U
2015-09-07,21:30:00,44.8,2015-09-07 21:26:05,U,21.1,2015-09-07 21:26:05,U,38,2015-09-07 21:20:36,U,23.4,2015-09-07 21:20:36,U,40,2015-09-07 21:16:21,P,22.7,2015-09-07 21:16:21,P
2015-09-07,21:40:00,45.2,2015-09-07 21:38:22,U,21.1,2015-09-07 21:38:22,U,38,2015-09-07 21:20:36,P,23.4,2015-09-07 21:20:36,P,40.8,2015-09-07 21:37:28,U,22.6,2015-09-07 21:37:28,U
2015-09-07,21:50:00,45.2,2015-09-07 21:38:22,P,21.1,2015-09-07 21:38:22,P,38.4,2015-09-07 21:41:44,U,23.2,2015-09-07 21:41:44,U,40.8,2015-09-07 21:49:46,U,22.6,2015-09-07 21:49:46,U
2015-09-07,22:00:00,45.6,2015-09-07 21:59:25,U,21,2015-09-07 21:59:25,U,38.4,2015-09-07 21:41:44,P,23.2,2015-09-07 21:41:44,P,40.8,2015-09-07 21:49:46,P,22.6,2015-09-07 21:49:46,P
2015-09-07,22:10:00,45.6,2015-09-07 21:59:25,P,21,2015-09-07 21:59:25,P,38.8,2015-09-07 22:06:23,U,23,2015-09-07 22:06:23,U,40.8,2015-09-07 21:49:46,P,22.6,2015-09-07 21:49:46,P
2015-09-07,22:20:00,46,2015-09-07 22:15:12,U,20.8,2015-09-07 22:15:12,U,38.8,2015-09-07 22:06:23,P,23,2015-09-07 22:06:23,P,41.2,2015-09-07 22:12:38,U,22.4,2015-09-07 22:12:38,U
2015-09-07,22:30:00,46,2015-09-07 22:15:12,P,20.8,2015-09-07 22:15:12,P,38.8,2015-09-07 22:20:29,U,23,2015-09-07 22:20:29,U,41.2,2015-09-07 22:24:56,U,22.4,2015-09-07 22:24:56,U
2015-09-07,22:40:00,46,2015-09-07 22:34:30,U,20.8,2015-09-07 22:34:30,U,38.8,2015-09-07 22:20:29,P,23,2015-09-07 22:20:29,P,41.6,2015-09-07 22:37:15,U,22.4,2015-09-07 22:37:15,U
2015-09-07,22:50:00,46.4,2015-09-07 22:46:47,U,20.6,2015-09-07 22:46:47,U,39.2,2015-09-07 22:45:08,U,23,2015-09-07 22:45:08,U,41.6,2015-09-07 22:37:15,P,22.4,2015-09-07 22:37:15,P
2015-09-07,23:00:00,46.4,2015-09-07 22:46:47,P,20.6,2015-09-07 22:46:47,P,39.2,2015-09-07 22:57:28,U,23,2015-09-07 22:57:28,U,41.2,2015-09-07 22:58:21,U,22.2,2015-09-07 22:58:21,U
2015-09-07,23:10:00,46,2015-09-07 23:09:35,U,20.6,2015-09-07 23:09:35,U,39.2,2015-09-07 22:57:28,P,23,2015-09-07 22:57:28,P,41.2,2015-09-07 22:58:21,P,22.2,2015-09-07 22:58:21,P
2015-09-07,23:20:00,46,2015-09-07 23:09:35,P,20.6,2015-09-07 23:09:35,P,39.2,2015-09-07 23:18:35,U,22.9,2015-09-07 23:18:35,U,41.6,2015-09-07 23:14:10,U,22.1,2015-09-07 23:14:10,U
2015-09-07,23:30:00,46.4,2015-09-07 23:21:51,U,20.6,2015-09-07 23:21:51,U,39.2,2015-09-07 23:18:35,P,22.9,2015-09-07 23:18:35,P,41.6,2015-09-07 23:14:10,P,22.1,2015-09-07 23:14:10,P
2015-09-07,23:40:00,46.4,2015-09-07 23:34:08,U,20.5,2015-09-07 23:34:08,U,39.2,2015-09-07 23:18:35,P,22.9,2015-09-07 23:18:35,P,42,2015-09-07 23:35:16,U,22.1,2015-09-07 23:35:16,U
2015-09-07,23:50:00,46.4,2015-09-07 23:34:08,P,20.5,2015-09-07 23:34:08,P,39.6,2015-09-07 23:41:29,U,22.7,2015-09-07 23:41:29,U,42,2015-09-07 23:35:16,P,22.1,2015-09-07 23:35:16,P
2015-09-08,00:00:00,46.8,2015-09-07 23:53:25,U,20.5,2015-09-07 23:53:25,U,39.6,2015-09-07 23:41:29,P,22.7,2015-09-07 23:41:29,P,42,2015-09-07 23:51:05,U,22.1,2015-09-07 23:51:05,U
2015-09-08,00:10:00,46.8,2015-09-07 23:53:25,P,20.5,2015-09-07 23:53:25,P,39.6,2015-09-08 00:00:51,U,22.7,2015-09-08 00:00:51,U,42,2015-09-08 00:08:40,U,22.1,2015-09-08 00:08:40,U
2015-09-08,00:20:00,46.8,2015-09-08 00:10:58,U,20.5,2015-09-08 00:10:58,U,39.6,2015-09-08 00:16:42,U,22.7,2015-09-08 00:16:42,U,42,2015-09-08 00:08:40,P,22.1,2015-09-08 00:08:40,P
2015-09-08,00:30:00,46.8,2015-09-08 00:26:45,U,20.3,2015-09-08 00:26:45,U,39.6,2015-09-08 00:16:42,P,22.7,2015-09-08 00:16:42,P,42,2015-09-08 00:22:44,U,22.1,2015-09-08 00:22:44,U
2015-09-08,00:40:00,47.2,2015-09-08 00:39:01,U,20.3,2015-09-08 00:39:01,U,40,2015-09-08 00:30:47,U,22.7,2015-09-08 00:30:47,U,42,2015-09-08 00:22:44,P,22.1,2015-09-08 00:22:44,P
2015-09-08,00:50:00,47.2,2015-09-08 00:39:01,P,20.3,2015-09-08 00:39:01,P,40,2015-09-08 00:30:47,P,22.7,2015-09-08 00:30:47,P,42.4,2015-09-08 00:47:21,U,21.9,2015-09-08 00:47:21,U
2015-09-08,01:00:00,47.2,2015-09-08 00:58:18,U,20.3,2015-09-08 00:58:18,U,40,2015-09-08 00:55:26,U,22.6,2015-09-08 00:55:26,U,42.4,2015-09-08 00:47:21,P,21.9,2015-09-08 00:47:21,P
2015-09-08,01:10:00,47.2,2015-09-08 00:58:18,P,20.3,2015-09-08 00:58:18,P,40,2015-09-08 00:55:26,P,22.6,2015-09-08 00:55:26,P,42.4,2015-09-08 01:03:10,U,21.9,2015-09-08 01:03:10,U
2015-09-08,01:20:00,47.2,2015-09-08 01:17:36,U,20.2,2015-09-08 01:17:36,U,40,2015-09-08 01:18:19,U,22.6,2015-09-08 01:18:19,U,42.4,2015-09-08 01:03:10,P,21.9,2015-09-08 01:03:10,P
2015-09-08,01:30:00,47.2,2015-09-08 01:17:36,P,20.2,2015-09-08 01:17:36,P,40,2015-09-08 01:18:19,P,22.6,2015-09-08 01:18:19,P,42.4,2015-09-08 01:22:30,U,21.9,2015-09-08 01:22:30,U
2015-09-08,01:40:00,47.2,2015-09-08 01:17:36,P,20.2,2015-09-08 01:17:36,P,40.4,2015-09-08 01:32:24,U,22.6,2015-09-08 01:32:24,U,42.8,2015-09-08 01:38:20,U,21.8,2015-09-08 01:38:20,U
2015-09-08,01:50:00,47.2,2015-09-08 01:42:09,U,20,2015-09-08 01:42:09,U,40.4,2015-09-08 01:44:44,U,22.4,2015-09-08 01:44:44,U,42.8,2015-09-08 01:38:20,P,21.8,2015-09-08 01:38:20,P
2015-09-08,02:00:00,47.2,2015-09-08 01:42:09,P,20,2015-09-08 01:42:09,P,40.4,2015-09-08 01:44:44,P,22.4,2015-09-08 01:44:44,P,42.8,2015-09-08 01:38:20,P,21.8,2015-09-08 01:38:20,P
2015-09-08,02:10:00,47.6,2015-09-08 02:01:26,U,20.2,2015-09-08 02:01:26,U,40.4,2015-09-08 02:09:23,U,22.4,2015-09-08 02:09:23,U,42.8,2015-09-08 02:02:56,U,21.8,2015-09-08 02:02:56,U
2015-09-08,02:20:00,47.6,2015-09-08 02:01:26,P,20.2,2015-09-08 02:01:26,P,40.4,2015-09-08 02:09:23,P,22.4,2015-09-08 02:09:23,P,42.8,2015-09-08 02:18:46,U,21.8,2015-09-08 02:18:46,U
2015-09-08,02:30:00,47.6,2015-09-08 02:25:59,U,20,2015-09-08 02:25:59,U,40.4,2015-09-08 02:09:23,P,22.4,2015-09-08 02:09:23,P,42.8,2015-09-08 02:18:46,P,21.8,2015-09-08 02:18:46,P
2015-09-08,02:40:00,47.6,2015-09-08 02:25:59,P,20,2015-09-08 02:25:59,P,40.8,2015-09-08 02:32:16,U,22.4,2015-09-08 02:32:16,U,43.2,2015-09-08 02:34:35,U,21.8,2015-09-08 02:34:35,U
2015-09-08,02:50:00,47.6,2015-09-08 02:25:59,P,20,2015-09-08 02:25:59,P,40.8,2015-09-08 02:49:53,U,22.2,2015-09-08 02:49:53,U,43.2,2015-09-08 02:34:35,P,21.8,2015-09-08 02:34:35,P
2015-09-08,03:00:00,47.6,2015-09-08 02:50:32,U,20,2015-09-08 02:50:32,U,40.8,2015-09-08 02:49:53,P,22.2,2015-09-08 02:49:53,P,43.2,2015-09-08 02:52:10,U,21.6,2015-09-08 02:52:10,U
2015-09-08,03:10:00,47.6,2015-09-08 02:50:32,P,20,2015-09-08 02:50:32,P,40.8,2015-09-08 02:49:53,P,22.2,2015-09-08 02:49:53,P,43.2,2015-09-08 02:52:10,P,21.6,2015-09-08 02:52:10,P
2015-09-08,03:20:00,48,2015-09-08 03:13:20,U,19.8,2015-09-08 03:13:20,U,40.8,2015-09-08 03:11:00,U,22.4,2015-09-08 03:11:00,U,43.2,2015-09-08 03:11:30,U,21.6,2015-09-08 03:11:30,U
2015-09-08,03:30:00,48,2015-09-08 03:29:06,U,19.8,2015-09-08 03:29:06,U,40.8,2015-09-08 03:25:05,U,22.2,2015-09-08 03:25:05,U,43.2,2015-09-08 03:11:30,P,21.6,2015-09-08 03:11:30,P
2015-09-08,03:40:00,48,2015-09-08 03:29:06,P,19.8,2015-09-08 03:29:06,P,40.8,2015-09-08 03:25:05,P,22.2,2015-09-08 03:25:05,P,43.2,2015-09-08 03:34:21,U,21.6,2015-09-08 03:34:21,U
2015-09-08,03:50:00,48,2015-09-08 03:48:24,U,19.8,2015-09-08 03:48:24,U,41.2,2015-09-08 03:47:59,U,22.2,2015-09-08 03:47:59,U,43.2,2015-09-08 03:34:21,P,21.6,2015-09-08 03:34:21,P
2015-09-08,04:00:00,48,2015-09-08 03:48:24,P,19.8,2015-09-08 03:48:24,P,41.2,2015-09-08 03:47:59,P,22.2,2015-09-08 03:47:59,P,43.2,2015-09-08 03:51:56,U,21.4,2015-09-08 03:51:56,U
2015-09-08,04:10:00,47.6,2015-09-08 04:07:41,U,19.7,2015-09-08 04:07:41,U,41.2,2015-09-08 04:09:06,U,22.2,2015-09-08 04:09:06,U,43.2,2015-09-08 04:07:45,U,21.4,2015-09-08 04:07:45,U
2015-09-08,04:20:00,47.6,2015-09-08 04:07:41,P,19.7,2015-09-08 04:07:41,P,41.2,2015-09-08 04:09:06,P,22.2,2015-09-08 04:09:06,P,43.2,2015-09-08 04:07:45,P,21.4,2015-09-08 04:07:45,P
2015-09-08,04:30:00,48,2015-09-08 04:28:43,U,19.7,2015-09-08 04:28:43,U,41.2,2015-09-08 04:26:43,U,22.1,2015-09-08 04:26:43,U,43.2,2015-09-08 04:07:45,P,21.4,2015-09-08 04:07:45,P
2015-09-08,04:40:00,48,2015-09-08 04:28:43,P,19.7,2015-09-08 04:28:43,P,41.2,2015-09-08 04:39:02,U,22.1,2015-09-08 04:39:02,U,43.6,2015-09-08 04:32:22,U,21.4,2015-09-08 04:32:22,U
2015-09-08,04:50:00,48,2015-09-08 04:28:43,P,19.7,2015-09-08 04:28:43,P,41.2,2015-09-08 04:39:02,P,22.1,2015-09-08 04:39:02,P,44,2015-09-08 04:46:25,U,21.3,2015-09-08 04:46:25,U
2015-09-08,05:00:00,48.4,2015-09-08 04:51:31,U,19.7,2015-09-08 04:51:31,U,41.2,2015-09-08 04:51:22,U,22.1,2015-09-08 04:51:22,U,44,2015-09-08 04:46:25,P,21.3,2015-09-08 04:46:25,P
2015-09-08,05:10:00,48.4,2015-09-08 04:51:31,P,19.7,2015-09-08 04:51:31,P,41.2,2015-09-08 05:03:41,U,22.1,2015-09-08 05:03:41,U,44,2015-09-08 05:05:45,U,21.4,2015-09-08 05:05:45,U
2015-09-08,05:20:00,48.4,2015-09-08 05:12:33,U,19.5,2015-09-08 05:12:33,U,41.2,2015-09-08 05:03:41,P,22.1,2015-09-08 05:03:41,P,44,2015-09-08 05:05:45,P,21.4,2015-09-08 05:05:45,P
2015-09-08,05:30:00,48.4,2015-09-08 05:12:33,P,19.5,2015-09-08 05:12:33,P,41.6,2015-09-08 05:24:49,U,22.1,2015-09-08 05:24:49,U,44,2015-09-08 05:26:51,U,21.3,2015-09-08 05:26:51,U
2015-09-08,05:40:00,48.4,2015-09-08 05:37:06,U,19.7,2015-09-08 05:37:06,U,41.6,2015-09-08 05:24:49,P,22.1,2015-09-08 05:24:49,P,44,2015-09-08 05:39:09,U,21.3,2015-09-08 05:39:09,U
2015-09-08,05:50:00,48.4,2015-09-08 05:37:06,P,19.7,2015-09-08 05:37:06,P,41.6,2015-09-08 05:45:56,U,22.1,2015-09-08 05:45:56,U,44,2015-09-08 05:39:09,P,21.3,2015-09-08 05:39:09,P
2015-09-08,06:00:00,48.4,2015-09-08 05:52:53,U,19.5,2015-09-08 05:52:53,U,41.6,2015-09-08 05:45:56,P,22.1,2015-09-08 05:45:56,P,44,2015-09-08 05:56:44,U,21.3,2015-09-08 05:56:44,U
2015-09-08,06:10:00,48.4,2015-09-08 05:52:53,P,19.5,2015-09-08 05:52:53,P,41.6,2015-09-08 06:05:18,U,22.1,2015-09-08 06:05:18,U,44,2015-09-08 05:56:44,P,21.3,2015-09-08 05:56:44,P
2015-09-08,06:20:00,48.4,2015-09-08 06:17:25,U,19.5,2015-09-08 06:17:25,U,41.6,2015-09-08 06:05:18,P,22.1,2015-09-08 06:05:18,P,44,2015-09-08 06:12:33,U,21.3,2015-09-08 06:12:33,U
2015-09-08,06:30:00,48.4,2015-09-08 06:17:25,P,19.5,2015-09-08 06:17:25,P,41.6,2015-09-08 06:24:40,U,22.1,2015-09-08 06:24:40,U,44,2015-09-08 06:24:51,U,21.3,2015-09-08 06:24:51,U
2015-09-08,06:40:00,48.4,2015-09-08 06:17:25,P,19.5,2015-09-08 06:17:25,P,41.6,2015-09-08 06:24:40,P,22.1,2015-09-08 06:24:40,P,44,2015-09-08 06:24:51,P,21.3,2015-09-08 06:24:51,P
2015-09-08,06:50:00,48.4,2015-09-08 06:41:58,U,19.5,2015-09-08 06:41:58,U,42,2015-09-08 06:45:47,U,21.9,2015-09-08 06:45:47,U,44.4,2015-09-08 06:47:42,U,21.3,2015-09-08 06:47:42,U
2015-09-08,07:00:00,48.8,2015-09-08 06:59:30,U,19.5,2015-09-08 06:59:30,U,42,2015-09-08 06:45:47,P,21.9,2015-09-08 06:45:47,P,44.4,2015-09-08 06:47:42,P,21.3,2015-09-08 06:47:42,P
2015-09-08,07:10:00,48.8,2015-09-08 06:59:30,P,19.5,2015-09-08 06:59:30,P,42,2015-09-08 07:01:38,U,21.9,2015-09-08 07:01:38,U,44.4,2015-09-08 06:47:42,P,21.3,2015-09-08 06:47:42,P
2015-09-08,07:20:00,48.8,2015-09-08 07:18:47,U,19.4,2015-09-08 07:18:47,U,42,2015-09-08 07:13:58,U,21.9,2015-09-08 07:13:58,U,44.4,2015-09-08 07:12:19,U,21.1,2015-09-08 07:12:19,U
2015-09-08,07:30:00,48.8,2015-09-08 07:18:47,P,19.4,2015-09-08 07:18:47,P,42,2015-09-08 07:13:58,P,21.9,2015-09-08 07:13:58,P,44.8,2015-09-08 07:28:08,U,21.1,2015-09-08 07:28:08,U
2015-09-08,07:40:00,48.8,2015-09-08 07:18:47,P,19.4,2015-09-08 07:18:47,P,42,2015-09-08 07:36:51,U,21.8,2015-09-08 07:36:51,U,44.8,2015-09-08 07:28:08,P,21.1,2015-09-08 07:28:08,P
2015-09-08,07:50:00,49.2,2015-09-08 07:43:20,U,19.4,2015-09-08 07:43:20,U,42,2015-09-08 07:36:51,P,21.8,2015-09-08 07:36:51,P,44.8,2015-09-08 07:43:57,U,21.1,2015-09-08 07:43:57,U
2015-09-08,08:00:00,49.2,2015-09-08 07:57:21,U,19.4,2015-09-08 07:57:21,U,42,2015-09-08 07:56:12,U,21.8,2015-09-08 07:56:12,U,44.8,2015-09-08 07:58:01,U,21,2015-09-08 07:58:01,U
2015-09-08,08:10:00,48.8,2015-09-08 08:09:38,U,19.5,2015-09-08 08:09:38,U,42,2015-09-08 07:56:12,P,21.8,2015-09-08 07:56:12,P,44.8,2015-09-08 07:58:01,P,21,2015-09-08 07:58:01,P
2015-09-08,08:20:00,48.8,2015-09-08 08:09:38,P,19.5,2015-09-08 08:09:38,P,42,2015-09-08 08:17:20,U,21.8,2015-09-08 08:17:20,U,44.8,2015-09-08 07:58:01,P,21,2015-09-08 07:58:01,P
2015-09-08,08:30:00,48.8,2015-09-08 08:25:24,U,19.5,2015-09-08 08:25:24,U,42,2015-09-08 08:17:20,P,21.8,2015-09-08 08:17:20,P,44.8,2015-09-08 08:20:51,U,21.1,2015-09-08 08:20:51,U
2015-09-08,08:40:00,48.8,2015-09-08 08:25:24,P,19.5,2015-09-08 08:25:24,P,42,2015-09-08 08:34:56,U,21.8,2015-09-08 08:34:56,U,45.6,2015-09-08 08:33:10,U,21.6,2015-09-08 08:33:10,U
2015-09-08,08:50:00,49.2,2015-09-08 08:41:11,U,19.8,2015-09-08 08:41:11,U,42,2015-09-08 08:34:56,P,21.8,2015-09-08 08:34:56,P,45.6,2015-09-08 08:33:10,P,21.6,2015-09-08 08:33:10,P
2015-09-08,09:00:00,49.6,2015-09-08 08:53:28,U,20,2015-09-08 08:53:28,U,42.8,2015-09-08 08:54:18,U,21.9,2015-09-08 08:54:18,U,46.4,2015-09-08 08:50:44,U,21.9,2015-09-08 08:50:44,U
2015-09-08,09:10:00,49.6,2015-09-08 08:53:28,P,20,2015-09-08 08:53:28,P,42.8,2015-09-08 08:54:18,P,21.9,2015-09-08 08:54:18,P,46.4,2015-09-08 09:04:48,U,22.1,2015-09-08 09:04:48,U
2015-09-08,09:20:00,49.6,2015-09-08 09:16:16,U,20.3,2015-09-08 09:16:16,U,43.2,2015-09-08 09:10:09,U,22.2,2015-09-08 09:10:09,U,46.4,2015-09-08 09:04:48,P,22.1,2015-09-08 09:04:48,P
2015-09-08,09:30:00,49.6,2015-09-08 09:16:16,P,20.3,2015-09-08 09:16:16,P,43.2,2015-09-08 09:10:09,P,22.2,2015-09-08 09:10:09,P,46.8,2015-09-08 09:29:25,U,22.4,2015-09-08 09:29:25,U
2015-09-08,09:40:00,49.6,2015-09-08 09:39:04,U,20.5,2015-09-08 09:39:04,U,43.2,2015-09-08 09:33:02,U,22.4,2015-09-08 09:33:02,U,46.8,2015-09-08 09:29:25,P,22.4,2015-09-08 09:29:25,P
2015-09-08,09:50:00,49.6,2015-09-08 09:39:04,P,20.5,2015-09-08 09:39:04,P,43.2,2015-09-08 09:33:02,P,22.4,2015-09-08 09:33:02,P,46.4,2015-09-08 09:48:46,U,22.6,2015-09-08 09:48:46,U
2015-09-08,10:00:00,49.2,2015-09-08 09:58:21,U,20.6,2015-09-08 09:58:21,U,43.2,2015-09-08 09:50:39,U,22.6,2015-09-08 09:50:39,U,46.4,2015-09-08 09:48:46,P,22.6,2015-09-08 09:48:46,P
2015-09-08,10:10:00,49.2,2015-09-08 09:58:21,P,20.6,2015-09-08 09:58:21,P,43.2,2015-09-08 10:08:15,U,22.6,2015-09-08 10:08:15,U,46,2015-09-08 10:06:21,U,22.7,2015-09-08 10:06:21,U
2015-09-08,10:20:00,49.6,2015-09-08 10:19:24,U,21,2015-09-08 10:19:24,U,43.2,2015-09-08 10:08:15,P,22.6,2015-09-08 10:08:15,P,46,2015-09-08 10:06:21,P,22.7,2015-09-08 10:06:21,P
2015-09-08,10:30:00,49.6,2015-09-08 10:19:24,P,21,2015-09-08 10:19:24,P,43.2,2015-09-08 10:08:15,P,22.6,2015-09-08 10:08:15,P,46.4,2015-09-08 10:22:11,U,22.9,2015-09-08 10:22:11,U
2015-09-08,10:40:00,50,2015-09-08 10:36:57,U,21.1,2015-09-08 10:36:57,U,43.2,2015-09-08 10:31:09,U,22.7,2015-09-08 10:31:09,U,46.4,2015-09-08 10:36:15,U,22.9,2015-09-08 10:36:15,U
2015-09-08,10:50:00,50,2015-09-08 10:36:57,P,21.1,2015-09-08 10:36:57,P,43.6,2015-09-08 10:43:28,U,22.9,2015-09-08 10:43:28,U,46.4,2015-09-08 10:36:15,P,22.9,2015-09-08 10:36:15,P
2015-09-08,11:00:00,50,2015-09-08 10:56:15,U,21,2015-09-08 10:56:15,U,43.6,2015-09-08 10:43:28,P,22.9,2015-09-08 10:43:28,P,46,2015-09-08 10:50:20,U,22.9,2015-09-08 10:50:20,U
2015-09-08,11:10:00,50,2015-09-08 10:56:15,P,21,2015-09-08 10:56:15,P,43.6,2015-09-08 11:08:07,U,23,2015-09-08 11:08:07,U,46.4,2015-09-08 11:07:55,U,23,2015-09-08 11:07:55,U
2015-09-08,11:20:00,50,2015-09-08 10:56:15,P,21,2015-09-08 10:56:15,P,43.6,2015-09-08 11:08:07,P,23,2015-09-08 11:08:07,P,46.4,2015-09-08 11:07:55,P,23,2015-09-08 11:07:55,P
2015-09-08,11:30:00,49.6,2015-09-08 11:20:48,U,21,2015-09-08 11:20:48,U,43.6,2015-09-08 11:29:16,U,23.2,2015-09-08 11:29:16,U,46.8,2015-09-08 11:23:45,U,23.2,2015-09-08 11:23:45,U
2015-09-08,11:40:00,49.6,2015-09-08 11:20:48,P,21,2015-09-08 11:20:48,P,43.6,2015-09-08 11:29:16,P,23.2,2015-09-08 11:29:16,P,46,2015-09-08 11:36:04,U,23.2,2015-09-08 11:36:04,U
2015-09-08,11:50:00,49.2,2015-09-08 11:43:37,U,20.8,2015-09-08 11:43:37,U,43.2,2015-09-08 11:48:38,U,23.4,2015-09-08 11:48:38,U,46,2015-09-08 11:36:04,P,23.2,2015-09-08 11:36:04,P
2015-09-08,12:00:00,49.2,2015-09-08 11:43:37,P,20.8,2015-09-08 11:43:37,P,43.2,2015-09-08 11:48:38,P,23.4,2015-09-08 11:48:38,P,44.8,2015-09-08 11:53:39,U,23.5,2015-09-08 11:53:39,U
2015-09-08,12:10:00,49.2,2015-09-08 11:43:37,P,20.8,2015-09-08 11:43:37,P,43.2,2015-09-08 12:08:01,U,23.2,2015-09-08 12:08:01,U,44.8,2015-09-08 11:53:39,P,23.5,2015-09-08 11:53:39,P
2015-09-08,12:20:00,48.8,2015-09-08 12:16:56,U,21,2015-09-08 12:16:56,U,43.2,2015-09-08 12:08:01,P,23.2,2015-09-08 12:08:01,P,44.8,2015-09-08 12:11:15,U,23.5,2015-09-08 12:11:15,U
2015-09-08,12:30:00,48.8,2015-09-08 12:16:56,P,21,2015-09-08 12:16:56,P,43.2,2015-09-08 12:20:20,U,23.4,2015-09-08 12:20:20,U,44.4,2015-09-08 12:28:50,U,23.7,2015-09-08 12:28:50,U
2015-09-08,12:40:00,48,2015-09-08 12:39:45,U,21.3,2015-09-08 12:39:45,U,42.8,2015-09-08 12:37:57,U,23.4,2015-09-08 12:37:57,U,44.4,2015-09-08 12:28:50,P,23.7,2015-09-08 12:28:50,P
2015-09-08,12:50:00,48,2015-09-08 12:39:45,P,21.3,2015-09-08 12:39:45,P,42.8,2015-09-08 12:37:57,P,23.4,2015-09-08 12:37:57,P,44,2015-09-08 12:42:55,U,23.5,2015-09-08 12:42:55,U
2015-09-08,13:00:00,48,2015-09-08 12:57:17,U,21.1,2015-09-08 12:57:17,U,42.8,2015-09-08 12:52:02,U,23.4,2015-09-08 12:52:02,U,43.6,2015-09-08 12:55:14,U,23.5,2015-09-08 12:55:14,U
2015-09-08,13:10:00,48,2015-09-08 12:57:17,P,21.1,2015-09-08 12:57:17,P,42.4,2015-09-08 13:09:39,U,23.4,2015-09-08 13:09:39,U,43.6,2015-09-08 12:55:14,P,23.5,2015-09-08 12:55:14,P
2015-09-08,13:20:00,48,2015-09-08 13:18:20,U,21.1,2015-09-08 13:18:20,U,42.4,2015-09-08 13:09:39,P,23.4,2015-09-08 13:09:39,P,44,2015-09-08 13:14:35,U,23.5,2015-09-08 13:14:35,U
2015-09-08,13:30:00,48,2015-09-08 13:18:20,P,21.1,2015-09-08 13:18:20,P,42.4,2015-09-08 13:09:39,P,23.4,2015-09-08 13:09:39,P,44,2015-09-08 13:14:35,P,23.5,2015-09-08 13:14:35,P
2015-09-08,13:40:00,48,2015-09-08 13:18:20,P,21.1,2015-09-08 13:18:20,P,42.4,2015-09-08 13:30:47,U,23.5,2015-09-08 13:30:47,U,42.4,2015-09-08 13:35:42,U,23.7,2015-09-08 13:35:42,U
2015-09-08,13:50:00,47.2,2015-09-08 13:41:09,U,21.6,2015-09-08 13:41:09,U,42,2015-09-08 13:46:38,U,23.7,2015-09-08 13:46:38,U,42.8,2015-09-08 13:49:46,U,23.5,2015-09-08 13:49:46,U
2015-09-08,14:00:00,47.2,2015-09-08 13:53:26,U,21.8,2015-09-08 13:53:26,U,42,2015-09-08 13:46:38,P,23.7,2015-09-08 13:46:38,P,42.8,2015-09-08 13:49:46,P,23.5,2015-09-08 13:49:46,P
2015-09-08,14:10:00,47.2,2015-09-08 14:09:13,U,22.1,2015-09-08 14:09:13,U,42,2015-09-08 13:46:38,P,23.7,2015-09-08 13:46:38,P,43.2,2015-09-08 14:07:22,U,23.7,2015-09-08 14:07:22,U
2015-09-08,14:20:00,47.2,2015-09-08 14:09:13,P,22.1,2015-09-08 14:09:13,P,40.8,2015-09-08 14:11:18,U,24,2015-09-08 14:11:18,U,43.2,2015-09-08 14:07:22,P,23.7,2015-09-08 14:07:22,P
2015-09-08,14:30:00,47.2,2015-09-08 14:09:13,P,22.1,2015-09-08 14:09:13,P,40.8,2015-09-08 14:11:18,P,24,2015-09-08 14:11:18,P,43.2,2015-09-08 14:24:57,U,24,2015-09-08 14:24:57,U
2015-09-08,14:40:00,47.2,2015-09-08 14:30:17,U,22.4,2015-09-08 14:30:17,U,39.6,2015-09-08 14:34:12,U,24.3,2015-09-08 14:34:12,U,43.6,2015-09-08 14:37:16,U,24,2015-09-08 14:37:16,U
2015-09-08,14:50:00,45.2,2015-09-08 14:47:50,U,22.4,2015-09-08 14:47:50,U,39.6,2015-09-08 14:34:12,P,24.3,2015-09-08 14:34:12,P,43.2,2015-09-08 14:49:36,U,24.2,2015-09-08 14:49:36,U
2015-09-08,15:00:00,45.2,2015-09-08 14:47:50,P,22.4,2015-09-08 14:47:50,P,38.4,2015-09-08 14:57:06,U,24.8,2015-09-08 14:57:06,U,43.2,2015-09-08 14:49:36,P,24.2,2015-09-08 14:49:36,P
2015-09-08,15:10:00,45.2,2015-09-08 14:47:50,P,22.4,2015-09-08 14:47:50,P,38.4,2015-09-08 14:57:06,P,24.8,2015-09-08 14:57:06,P,42.8,2015-09-08 15:03:40,U,24.2,2015-09-08 15:03:40,U
2015-09-08,15:20:00,45.6,2015-09-08 15:10:39,U,22.7,2015-09-08 15:10:39,U,38.4,2015-09-08 14:57:06,P,24.8,2015-09-08 14:57:06,P,42.4,2015-09-08 15:17:45,U,24.5,2015-09-08 15:17:45,U
2015-09-08,15:30:00,45.6,2015-09-08 15:22:56,U,22.9,2015-09-08 15:22:56,U,37.6,2015-09-08 15:21:47,U,25.4,2015-09-08 15:21:47,U,42.4,2015-09-08 15:17:45,P,24.5,2015-09-08 15:17:45,P
2015-09-08,15:40:00,45.6,2015-09-08 15:22:56,P,22.9,2015-09-08 15:22:56,P,36.8,2015-09-08 15:37:38,U,25.6,2015-09-08 15:37:38,U,41.6,2015-09-08 15:33:35,U,24.6,2015-09-08 15:33:35,U
2015-09-08,15:50:00,44.8,2015-09-08 15:47:31,U,23,2015-09-08 15:47:31,U,36,2015-09-08 15:49:59,U,26.2,2015-09-08 15:49:59,U,41.6,2015-09-08 15:33:35,P,24.6,2015-09-08 15:33:35,P
2015-09-08,16:00:00,44.8,2015-09-08 15:47:31,P,23,2015-09-08 15:47:31,P,36,2015-09-08 15:49:59,P,26.2,2015-09-08 15:49:59,P,41.2,2015-09-08 15:51:12,U,25.1,2015-09-08 15:51:12,U
2015-09-08,16:10:00,44.4,2015-09-08 16:06:50,U,23,2015-09-08 16:06:50,U,36,2015-09-08 15:49:59,P,26.2,2015-09-08 15:49:59,P,39.6,2015-09-08 16:07:03,U,25.9,2015-09-08 16:07:03,U
2015-09-08,16:20:00,44.4,2015-09-08 16:06:50,P,23,2015-09-08 16:06:50,P,32.8,2015-09-08 16:11:08,U,26.1,2015-09-08 16:11:08,U,39.6,2015-09-08 16:07:03,P,25.9,2015-09-08 16:07:03,P
2015-09-08,16:30:00,44.4,2015-09-08 16:20:52,U,23,2015-09-08 16:20:52,U,32.8,2015-09-08 16:27:00,U,27.2,2015-09-08 16:27:00,U,37.6,2015-09-08 16:29:56,U,26.9,2015-09-08 16:29:56,U
2015-09-08,16:40:00,44.4,2015-09-08 16:20:52,P,23,2015-09-08 16:20:52,P,32.8,2015-09-08 16:27:00,P,27.2,2015-09-08 16:27:00,P,37.6,2015-09-08 16:29:56,P,26.9,2015-09-08 16:29:56,P
2015-09-08,16:50:00,46,2015-09-08 16:45:27,U,23.4,2015-09-08 16:45:27,U,33.6,2015-09-08 16:44:38,U,27,2015-09-08 16:44:38,U,37.6,2015-09-08 16:29:56,P,26.9,2015-09-08 16:29:56,P
2015-09-08,17:00:00,44.4,2015-09-08 16:59:30,U,23.2,2015-09-08 16:59:30,U,33.6,2015-09-08 16:44:38,P,27,2015-09-08 16:44:38,P,37.6,2015-09-08 16:52:51,U,26.6,2015-09-08 16:52:51,U
2015-09-08,17:10:00,44.4,2015-09-08 16:59:30,P,23.2,2015-09-08 16:59:30,P,34.4,2015-09-08 17:05:48,U,26.6,2015-09-08 17:05:48,U,37.2,2015-09-08 17:06:56,U,26.1,2015-09-08 17:06:56,U
2015-09-08,17:20:00,44.4,2015-09-08 16:59:30,P,23.2,2015-09-08 16:59:30,P,34.4,2015-09-08 17:05:48,P,26.6,2015-09-08 17:05:48,P,37.2,2015-09-08 17:06:56,P,26.1,2015-09-08 17:06:56,P
2015-09-08,17:30:00,45.2,2015-09-08 17:24:05,U,23.4,2015-09-08 17:24:05,U,35.2,2015-09-08 17:21:40,U,26.2,2015-09-08 17:21:40,U,38.4,2015-09-08 17:28:04,U,25.6,2015-09-08 17:28:04,U
2015-09-08,17:40:00,45.2,2015-09-08 17:24:05,P,23.4,2015-09-08 17:24:05,P,35.6,2015-09-08 17:35:46,U,25.9,2015-09-08 17:35:46,U,38.4,2015-09-08 17:28:04,P,25.6,2015-09-08 17:28:04,P
2015-09-08,17:50:00,44.8,2015-09-08 17:45:09,U,23.4,2015-09-08 17:45:09,U,35.6,2015-09-08 17:35:46,P,25.9,2015-09-08 17:35:46,P,38.4,2015-09-08 17:49:12,U,25.4,2015-09-08 17:49:12,U
2015-09-08,18:00:00,44.8,2015-09-08 17:45:09,P,23.4,2015-09-08 17:45:09,P,36.4,2015-09-08 17:53:24,U,25.6,2015-09-08 17:53:24,U,38.4,2015-09-08 17:49:12,P,25.4,2015-09-08 17:49:12,P
2015-09-08,18:10:00,45.2,2015-09-08 18:00:57,U,23.2,2015-09-08 18:00:57,U,36.8,2015-09-08 18:07:30,U,25.4,2015-09-08 18:07:30,U,38.4,2015-09-08 17:49:12,P,25.4,2015-09-08 17:49:12,P
2015-09-08,18:20:00,45.2,2015-09-08 18:18:31,U,22.9,2015-09-08 18:18:31,U,36.8,2015-09-08 18:07:30,P,25.4,2015-09-08 18:07:30,P,38.4,2015-09-08 18:10:19,U,25.1,2015-09-08 18:10:19,U
2015-09-08,18:30:00,45.2,2015-09-08 18:18:31,P,22.9,2015-09-08 18:18:31,P,36.8,2015-09-08 18:07:30,P,25.4,2015-09-08 18:07:30,P,38.8,2015-09-08 18:22:39,U,24.8,2015-09-08 18:22:39,U
2015-09-08,18:40:00,45.2,2015-09-08 18:34:19,U,22.7,2015-09-08 18:34:19,U,37.6,2015-09-08 18:32:10,U,25,2015-09-08 18:32:10,U,38.8,2015-09-08 18:22:39,P,24.8,2015-09-08 18:22:39,P
2015-09-08,18:50:00,45.2,2015-09-08 18:34:19,P,22.7,2015-09-08 18:34:19,P,37.6,2015-09-08 18:32:10,P,25,2015-09-08 18:32:10,P,39.2,2015-09-08 18:43:46,U,24.5,2015-09-08 18:43:46,U
2015-09-08,19:00:00,45.2,2015-09-08 18:53:37,U,22.7,2015-09-08 18:53:37,U,38.4,2015-09-08 18:53:19,U,24.6,2015-09-08 18:53:19,U,39.2,2015-09-08 18:43:46,P,24.5,2015-09-08 18:43:46,P
2015-09-08,19:10:00,45.2,2015-09-08 19:05:54,U,22.6,2015-09-08 19:05:54,U,38.4,2015-09-08 18:53:19,P,24.6,2015-09-08 18:53:19,P,40,2015-09-08 19:04:53,U,24.3,2015-09-08 19:04:53,U
2015-09-08,19:20:00,45.2,2015-09-08 19:05:54,P,22.6,2015-09-08 19:05:54,P,39.2,2015-09-08 19:17:59,U,24.3,2015-09-08 19:17:59,U,40,2015-09-08 19:04:53,P,24.3,2015-09-08 19:04:53,P
2015-09-08,19:30:00,45.2,2015-09-08 19:25:13,U,22.6,2015-09-08 19:25:13,U,39.2,2015-09-08 19:17:59,P,24.3,2015-09-08 19:17:59,P,40.4,2015-09-08 19:29:31,U,24,2015-09-08 19:29:31,U
2015-09-08,19:40:00,45.2,2015-09-08 19:25:13,P,22.6,2015-09-08 19:25:13,P,39.2,2015-09-08 19:17:59,P,24.3,2015-09-08 19:17:59,P,40.4,2015-09-08 19:29:31,P,24,2015-09-08 19:29:31,P
2015-09-08,19:50:00,45.6,2015-09-08 19:41:01,U,22.4,2015-09-08 19:41:01,U,39.6,2015-09-08 19:40:53,U,24.2,2015-09-08 19:40:53,U,40.8,2015-09-08 19:41:50,U,24,2015-09-08 19:41:50,U
2015-09-08,20:00:00,45.6,2015-09-08 19:41:01,P,22.4,2015-09-08 19:41:01,P,40,2015-09-08 19:58:30,U,24,2015-09-08 19:58:30,U,40.8,2015-09-08 19:41:50,P,24,2015-09-08 19:41:50,P
2015-09-08,20:10:00,46,2015-09-08 20:02:04,U,22.2,2015-09-08 20:02:04,U,40,2015-09-08 19:58:30,P,24,2015-09-08 19:58:30,P,40.4,2015-09-08 20:04:42,U,23.7,2015-09-08 20:04:42,U
2015-09-08,20:20:00,46,2015-09-08 20:02:04,P,22.2,2015-09-08 20:02:04,P,40,2015-09-08 20:17:53,U,23.8,2015-09-08 20:17:53,U,40.4,2015-09-08 20:04:42,P,23.7,2015-09-08 20:04:42,P
2015-09-08,20:30:00,45.6,2015-09-08 20:21:23,U,22.1,2015-09-08 20:21:23,U,40,2015-09-08 20:17:53,P,23.8,2015-09-08 20:17:53,P,40.8,2015-09-08 20:20:32,U,23.5,2015-09-08 20:20:32,U
2015-09-08,20:40:00,45.6,2015-09-08 20:21:23,P,22.1,2015-09-08 20:21:23,P,40.4,2015-09-08 20:39:01,U,23.7,2015-09-08 20:39:01,U,40.8,2015-09-08 20:20:32,P,23.5,2015-09-08 20:20:32,P
2015-09-08,20:50:00,46,2015-09-08 20:45:57,U,21.8,2015-09-08 20:45:57,U,40.4,2015-09-08 20:39:01,P,23.7,2015-09-08 20:39:01,P,41.6,2015-09-08 20:45:10,U,23.4,2015-09-08 20:45:10,U
2015-09-08,21:00:00,46.4,2015-09-08 20:58:14,U,21.6,2015-09-08 20:58:14,U,40.8,2015-09-08 20:54:52,U,23.7,2015-09-08 20:54:52,U,41.6,2015-09-08 20:45:10,P,23.4,2015-09-08 20:45:10,P
2015-09-08,21:10:00,46.4,2015-09-08 20:58:14,P,21.6,2015-09-08 20:58:14,P,40.8,2015-09-08 20:54:52,P,23.7,2015-09-08 20:54:52,P,42,2015-09-08 21:09:47,U,23,2015-09-08 21:09:47,U
2015-09-08,21:20:00,46.8,2015-09-08 21:19:17,U,21.4,2015-09-08 21:19:17,U,41.2,2015-09-08 21:19:32,U,23.5,2015-09-08 21:19:32,U,42,2015-09-08 21:09:47,P,23,2015-09-08 21:09:47,P
2015-09-08,21:30:00,46.8,2015-09-08 21:19:17,P,21.4,2015-09-08 21:19:17,P,41.2,2015-09-08 21:19:32,P,23.5,2015-09-08 21:19:32,P,42,2015-09-08 21:27:23,U,23.2,2015-09-08 21:27:23,U
2015-09-08,21:40:00,46.8,2015-09-08 21:19:17,P,21.4,2015-09-08 21:19:17,P,41.6,2015-09-08 21:33:37,U,23.5,2015-09-08 21:33:37,U,42,2015-09-08 21:27:23,P,23.2,2015-09-08 21:27:23,P
2015-09-08,21:50:00,47.2,2015-09-08 21:43:51,U,21.3,2015-09-08 21:43:51,U,41.6,2015-09-08 21:49:28,U,23.4,2015-09-08 21:49:28,U,42.4,2015-09-08 21:48:29,U,22.9,2015-09-08 21:48:29,U
2015-09-08,22:00:00,47.2,2015-09-08 21:43:51,P,21.3,2015-09-08 21:43:51,P,41.6,2015-09-08 21:49:28,P,23.4,2015-09-08 21:49:28,P,42.4,2015-09-08 21:48:29,P,22.9,2015-09-08 21:48:29,P
2015-09-08,22:10:00,46.8,2015-09-08 22:08:24,U,21.1,2015-09-08 22:08:24,U,42,2015-09-08 22:08:51,U,23.4,2015-09-08 22:08:51,U,42.4,2015-09-08 21:48:29,P,22.9,2015-09-08 21:48:29,P
2015-09-08,22:20:00,46.8,2015-09-08 22:08:24,P,21.1,2015-09-08 22:08:24,P,42,2015-09-08 22:08:51,P,23.4,2015-09-08 22:08:51,P,42.4,2015-09-08 22:11:21,U,22.9,2015-09-08 22:11:21,U
2015-09-08,22:30:00,46.8,2015-09-08 22:24:11,U,21.1,2015-09-08 22:24:11,U,42,2015-09-08 22:26:27,U,23.2,2015-09-08 22:26:27,U,42.4,2015-09-08 22:25:25,U,22.7,2015-09-08 22:25:25,U
2015-09-08,22:40:00,46.8,2015-09-08 22:24:11,P,21.1,2015-09-08 22:24:11,P,42,2015-09-08 22:38:47,U,23.2,2015-09-08 22:38:47,U,42.4,2015-09-08 22:25:25,P,22.7,2015-09-08 22:25:25,P
2015-09-08,22:50:00,46.8,2015-09-08 22:45:14,U,21.1,2015-09-08 22:45:14,U,42,2015-09-08 22:38:47,P,23.2,2015-09-08 22:38:47,P,42.8,2015-09-08 22:43:00,U,22.7,2015-09-08 22:43:00,U
2015-09-08,23:00:00,46.8,2015-09-08 22:45:14,P,21.1,2015-09-08 22:45:14,P,42.4,2015-09-08 22:54:38,U,23.2,2015-09-08 22:54:38,U,42.8,2015-09-08 22:43:00,P,22.7,2015-09-08 22:43:00,P
2015-09-08,23:10:00,47.2,2015-09-08 23:04:32,U,21,2015-09-08 23:04:32,U,42.4,2015-09-08 22:54:38,P,23.2,2015-09-08 22:54:38,P,42.8,2015-09-08 23:02:21,U,22.7,2015-09-08 23:02:21,U
2015-09-08,23:20:00,47.2,2015-09-08 23:04:32,P,21,2015-09-08 23:04:32,P,42.4,2015-09-08 23:12:15,U,23,2015-09-08 23:12:15,U,42.8,2015-09-08 23:18:11,U,22.6,2015-09-08 23:18:11,U
2015-09-08,23:30:00,47.2,2015-09-08 23:04:32,P,21,2015-09-08 23:04:32,P,42.4,2015-09-08 23:24:35,U,23,2015-09-08 23:24:35,U,42.8,2015-09-08 23:18:11,P,22.6,2015-09-08 23:18:11,P
2015-09-08,23:40:00,47.2,2015-09-08 23:04:32,P,21,2015-09-08 23:04:32,P,42.4,2015-09-08 23:24:35,P,23,2015-09-08 23:24:35,P,42.8,2015-09-08 23:18:11,P,22.6,2015-09-08 23:18:11,P
2015-09-08,23:50:00,47.6,2015-09-08 23:43:07,U,20.8,2015-09-08 23:43:07,U,42.8,2015-09-08 23:47:28,U,23,2015-09-08 23:47:28,U,43.2,2015-09-08 23:42:48,U,22.6,2015-09-08 23:42:48,U
2015-09-09,00:00:00,47.6,2015-09-08 23:43:07,P,20.8,2015-09-08 23:43:07,P,42.8,2015-09-08 23:47:28,P,23,2015-09-08 23:47:28,P,43.2,2015-09-08 23:42:48,P,22.6,2015-09-08 23:42:48,P
